depth,file,result,hash,img_width,img_height
7,0-7.jpeg,"{""20"": 0.505, ""16"": 0.495}",ff55f19226419f8c3d23a2d01711069c,2052,648
6,1-6.jpeg,"{""16"": 0.51, ""20"": 0.49}",88584e8d96ce2d208a18aa8edaed79d7,1859,648
3,4-3.jpeg,"{""20"": 1.0}",ac421b380bcb3c85a0315c0a05999a2d,1376,648
8,6-8.jpeg,"{""22"": 0.116, ""16"": 0.384, ""18"": 0.116, ""20"": 0.384}",c70e3858c8b4cc20170472c0658f2cf2,2342,648
1,7-1.jpeg,"{""0"": 1.0}",8151d3e2c20a1e4c35207b22479585c3,990,648
2,8-2.jpeg,"{""16"": 1.0}",9785f2812df0f061da14cd19203b7fe4,1183,648
1,10-1.jpeg,"{""0"": 0.517, ""8"": 0.483}",0cdfc0df905639d673bdcc1cbe510217,1086,648
8,11-8.jpeg,"{""2"": 0.003, ""30"": 0.015, ""6"": 0.008, ""1"": 0.099, ""28"": 0.092, ""18"": 0.115, ""21"": 0.007, ""4"": 0.096, ""24"": 0.029, ""10"": 0.077, ""22"": 0.024, ""17"": 0.001, ""9"": 0.003, ""26"": 0.003, ""5"": 0.02, ""14"": 0.017, ""19"": 0.012, ""16"": 0.005, ""31"": 0.001, ""27"": 0.013, ""3"": 0.005, ""7"": 0.002, ""15"": 0.087, ""11"": 0.012, ""29"": 0.009, ""25"": 0.092, ""0"": 0.027, ""12"": 0.004, ""8"": 0.013, ""13"": 0.007, ""23"": 0.099, ""20"": 0.003}",d4ed0bf317d1adc9019618a85372cfb7,2631,648
3,12-3.jpeg,"{""8"": 0.5, ""0"": 0.5}",9ac250d453518b46551fa12b3e226e2a,1472,648
9,14-9.jpeg,"{""13"": 0.011, ""30"": 0.012, ""14"": 0.023, ""16"": 0.094, ""21"": 0.067, ""28"": 0.061, ""6"": 0.003, ""1"": 0.122, ""18"": 0.018, ""7"": 0.022, ""3"": 0.016, ""29"": 0.024, ""10"": 0.082, ""22"": 0.017, ""15"": 0.064, ""9"": 0.009, ""26"": 0.018, ""5"": 0.017, ""17"": 0.004, ""0"": 0.005, ""25"": 0.078, ""23"": 0.032, ""20"": 0.024, ""12"": 0.021, ""8"": 0.021, ""4"": 0.087, ""19"": 0.015, ""2"": 0.009, ""11"": 0.003, ""24"": 0.003, ""27"": 0.008, ""31"": 0.01}",70fd9e29113f24d916ede6a6b4b6da20,2631,1324
5,16-5.jpeg,"{""16"": 0.014, ""2"": 0.142, ""0"": 0.01, ""13"": 0.083, ""21"": 0.006, ""23"": 0.134, ""18"": 0.151, ""7"": 0.113, ""29"": 0.078, ""8"": 0.115, ""26"": 0.011, ""5"": 0.007, ""15"": 0.011, ""24"": 0.101, ""31"": 0.011, ""10"": 0.013}",54bc0d31857112009012c50cf23dc829,2052,648
3,20-3.jpeg,"{""1"": 0.321, ""0"": 0.679}",40605e7cb449c8507a483c2c06b3518c,1376,648
1,21-1.jpeg,"{""0"": 1.0}",d2c0304d89f342b68a8a7105e464d190,1086,648
5,23-5.jpeg,"{""4"": 0.009, ""2"": 0.035, ""29"": 0.187, ""20"": 0.039, ""7"": 0.024, ""3"": 0.028, ""25"": 0.169, ""24"": 0.167, ""1"": 0.01, ""21"": 0.046, ""28"": 0.16, ""5"": 0.006, ""17"": 0.038, ""6"": 0.033, ""0"": 0.01, ""16"": 0.039}",e8e17a67cb6d86bcb5d5aef5c9c56981,1666,648
8,26-8.jpeg,"{""2"": 0.006, ""13"": 0.006, ""11"": 0.007, ""15"": 0.005, ""3"": 0.003, ""25"": 0.025, ""0"": 0.062, ""14"": 0.038, ""6"": 0.007, ""8"": 0.033, ""12"": 0.033, ""22"": 0.072, ""23"": 0.007, ""1"": 0.013, ""28"": 0.151, ""29"": 0.029, ""9"": 0.008, ""5"": 0.009, ""26"": 0.14, ""24"": 0.132, ""31"": 0.015, ""4"": 0.064, ""30"": 0.067, ""10"": 0.039, ""27"": 0.029}",3bab9204a75e9a5f05f8931f89227972,2148,648
6,27-6.jpeg,"{""7"": 0.001, ""3"": 0.003, ""11"": 0.031, ""30"": 0.044, ""15"": 0.023, ""2"": 0.009, ""13"": 0.027, ""29"": 0.099, ""12"": 0.018, ""6"": 0.006, ""8"": 0.022, ""25"": 0.085, ""10"": 0.02, ""27"": 0.081, ""4"": 0.04, ""31"": 0.114, ""24"": 0.06, ""5"": 0.058, ""9"": 0.02, ""26"": 0.075, ""1"": 0.05, ""28"": 0.066, ""0"": 0.035, ""14"": 0.013}",bc998a097f0c6046d403ac514994847d,1859,648
1,30-1.jpeg,"{""4"": 0.845, ""0"": 0.155}",61656f6c50312d9f7363eaa9f21acde3,990,648
6,31-6.jpeg,"{""0"": 0.116, ""2"": 0.045, ""4"": 0.625, ""6"": 0.214}",d79647d3c6d80720de194112f44d2730,1859,648
7,33-7.jpeg,"{""2"": 0.029, ""0"": 0.112, ""6"": 0.232, ""4"": 0.627}",5a196608ad1114e8e525767f79c60da3,1955,648
3,35-3.jpeg,"{""0"": 0.148, ""4"": 0.852}",80a2417019e30c62951b66a3196b4a89,1279,648
8,37-8.jpeg,"{""2"": 0.038, ""0"": 0.127, ""6"": 0.224, ""4"": 0.611}",f7cd434b3858b7ab40811b37dfb9e636,2245,648
5,38-5.jpeg,"{""4"": 0.65, ""2"": 0.03, ""0"": 0.107, ""6"": 0.213}",1cc20a5569d497674def9131c38e1684,1762,648
4,40-4.jpeg,"{""0"": 0.088, ""13"": 0.414, ""1"": 0.084, ""12"": 0.414}",5801589ebfe1da5818dc1e505635516a,1472,648
5,41-5.jpeg,"{""2"": 0.001, ""4"": 0.002, ""9"": 0.004, ""8"": 0.002, ""26"": 0.007, ""11"": 0.398, ""7"": 0.068, ""6"": 0.095, ""27"": 0.008, ""10"": 0.415}",216f4342dc455df17b8f183780ec3fb5,1666,648
6,42-6.jpeg,"{""11"": 0.001, ""20"": 0.001, ""15"": 0.001, ""25"": 0.003, ""8"": 0.216, ""12"": 0.249, ""4"": 0.035, ""13"": 0.165, ""0"": 0.067, ""17"": 0.001, ""9"": 0.167, ""5"": 0.037, ""24"": 0.004, ""7"": 0.001, ""28"": 0.002, ""1"": 0.042, ""21"": 0.002, ""29"": 0.006}",bebcc4343e2b06bc92c5d18effb276c9,1859,648
9,43-9.jpeg,"{""16"": 0.001, ""29"": 0.001, ""20"": 0.001, ""1"": 0.088, ""15"": 0.001, ""5"": 0.047, ""17"": 0.002, ""9"": 0.325, ""8"": 0.071, ""12"": 0.067, ""13"": 0.35, ""0"": 0.024, ""4"": 0.014, ""24"": 0.001, ""31"": 0.001, ""25"": 0.006}",043bceace109f6fe42981b284f591824,2342,648
3,45-3.jpeg,"{""12"": 0.835, ""0"": 0.165}",f131213ab515aa5101b66fc8043ff726,1279,648
7,46-7.jpeg,"{""12"": 0.249, ""8"": 0.218, ""13"": 0.197, ""24"": 0.003, ""31"": 0.005, ""4"": 0.037, ""23"": 0.001, ""28"": 0.002, ""1"": 0.042, ""15"": 0.001, ""0"": 0.069, ""9"": 0.143, ""5"": 0.025, ""14"": 0.002, ""25"": 0.003, ""29"": 0.003}",65f007c0cba964621e6a072d33fb3006,2052,648
7,50-7.jpeg,"{""0"": 0.024, ""13"": 0.045, ""8"": 0.016, ""6"": 0.127, ""10"": 0.07, ""22"": 0.065, ""2"": 0.092, ""12"": 0.116, ""4"": 0.025, ""9"": 0.003, ""26"": 0.224, ""5"": 0.074, ""14"": 0.013, ""1"": 0.049, ""18"": 0.031, ""30"": 0.026}",2ea4ff81cb0023243036d1b2e74cdaa6,2535,648
4,51-4.jpeg,"{""4"": 0.025, ""13"": 0.02, ""10"": 0.035, ""15"": 0.151, ""1"": 0.056, ""11"": 0.106, ""3"": 0.034, ""7"": 0.04, ""0"": 0.018, ""2"": 0.117, ""14"": 0.035, ""9"": 0.013, ""5"": 0.078, ""6"": 0.137, ""8"": 0.055, ""12"": 0.08}",cba5dd59a9732312c0b681bfa816569d,1762,648
9,53-9.jpeg,"{""7"": 0.006, ""19"": 0.004, ""18"": 0.075, ""21"": 0.027, ""28"": 0.02, ""16"": 0.088, ""23"": 0.065, ""20"": 0.006, ""1"": 0.002, ""6"": 0.031, ""12"": 0.049, ""8"": 0.016, ""22"": 0.008, ""27"": 0.005, ""31"": 0.015, ""24"": 0.08, ""4"": 0.055, ""25"": 0.009, ""0"": 0.102, ""2"": 0.079, ""30"": 0.026, ""29"": 0.052, ""14"": 0.092, ""17"": 0.004, ""9"": 0.011, ""5"": 0.007, ""26"": 0.014, ""13"": 0.016, ""15"": 0.022, ""11"": 0.005, ""3"": 0.006, ""10"": 0.003}",776997154a4dfce4419e5a56f3114330,2631,1324
6,56-6.jpeg,"{""10"": 0.04, ""0"": 0.016, ""12"": 0.089, ""1"": 0.057, ""15"": 0.143, ""14"": 0.033, ""9"": 0.016, ""5"": 0.073, ""11"": 0.108, ""3"": 0.041, ""7"": 0.041, ""8"": 0.062, ""6"": 0.143, ""13"": 0.022, ""2"": 0.088, ""4"": 0.028}",a2fc768c9314ec56f7065b0899e59c31,2245,648
5,58-5.jpeg,"{""13"": 0.022, ""9"": 0.018, ""5"": 0.08, ""14"": 0.039, ""2"": 0.103, ""0"": 0.023, ""11"": 0.114, ""7"": 0.04, ""3"": 0.031, ""10"": 0.034, ""6"": 0.15, ""8"": 0.057, ""12"": 0.071, ""1"": 0.061, ""15"": 0.131, ""4"": 0.026}",132b8475f183b4ff480472c5d6b56e3f,1859,648
1,59-1.jpeg,"{""5"": 0.023, ""13"": 0.024, ""4"": 0.031, ""1"": 0.223, ""0"": 0.242, ""12"": 0.023, ""8"": 0.223, ""9"": 0.211}",c39e723aa5f7fed88a9b9e8f97c46150,990,648
7,60-7.jpeg,"{""12"": 0.003, ""25"": 0.01, ""29"": 0.008, ""2"": 0.011, ""13"": 0.008, ""20"": 0.115, ""7"": 0.074, ""3"": 0.093, ""11"": 0.147, ""16"": 0.128, ""4"": 0.11, ""5"": 0.008, ""9"": 0.01, ""17"": 0.003, ""0"": 0.117, ""1"": 0.005, ""21"": 0.008, ""28"": 0.004, ""8"": 0.003, ""6"": 0.015, ""31"": 0.116, ""24"": 0.004}",bec43cf9df7824067da41131c85643d5,2438,648
2,61-2.jpeg,"{""0"": 0.028, ""2"": 0.028, ""14"": 0.463, ""12"": 0.481}",cbf8197dea44a69b739895bc12d6c39c,1183,648
4,62-4.jpeg,"{""10"": 0.024, ""2"": 0.003, ""0"": 0.027, ""14"": 0.07, ""6"": 0.395, ""12"": 0.481}",b4a691d15eeb09e68bd76a0719b52cff,1762,648
6,63-6.jpeg,"{""14"": 0.004, ""10"": 0.007, ""19"": 0.008, ""3"": 0.007, ""7"": 0.012, ""0"": 0.012, ""27"": 0.015, ""11"": 0.015, ""31"": 0.012, ""4"": 0.008, ""2"": 0.093, ""6"": 0.113, ""13"": 0.158, ""22"": 0.099, ""23"": 0.002, ""18"": 0.112, ""1"": 0.091, ""15"": 0.012, ""26"": 0.005, ""5"": 0.074, ""9"": 0.136, ""30"": 0.005}",5609595fa7b045d09da9575a854704a4,2342,648
1,65-1.jpeg,"{""0"": 0.017, ""2"": 0.032, ""14"": 0.482, ""12"": 0.469}",36552cba7d190f8a6b41ea0a907b6286,990,648
3,67-3.jpeg,"{""0"": 0.02, ""2"": 0.019, ""12"": 0.462, ""14"": 0.499}",9cabf92af5c61b198861325d01f930b6,1376,648
9,68-9.jpeg,"{""11"": 0.002, ""13"": 0.004, ""15"": 0.007, ""12"": 0.009, ""0"": 0.004, ""16"": 0.009, ""14"": 0.004, ""24"": 0.006, ""31"": 0.006, ""4"": 0.018, ""20"": 0.069, ""3"": 0.014, ""7"": 0.105, ""1"": 0.097, ""21"": 0.024, ""30"": 0.174, ""9"": 0.003, ""17"": 0.11, ""5"": 0.087, ""2"": 0.075, ""10"": 0.138, ""25"": 0.006, ""6"": 0.015, ""8"": 0.014}",aea016de4a842bf10005c770d262adaf,2631,1324
8,70-8.jpeg,"{""0"": 0.146, ""8"": 0.08, ""9"": 0.515, ""1"": 0.259}",97b46460f395452abe2018c00838da73,2245,648
6,71-6.jpeg,"{""8"": 0.323, ""0"": 0.677}",9abbfbd7ba0b55d3aacb27d37cc15d7a,1859,648
9,72-9.jpeg,"{""8"": 0.001, ""9"": 0.005, ""1"": 0.003, ""0"": 0.002, ""18"": 0.141, ""27"": 0.5, ""26"": 0.074, ""19"": 0.274}",b6ad965ba1a8d4213648e3ef3ef04ea0,2342,648
5,75-5.jpeg,"{""0"": 0.656, ""8"": 0.344}",f8030ceb98e3b7598664b17488588512,1666,648
4,77-4.jpeg,"{""8"": 0.342, ""0"": 0.658}",f4327ed11b4e492a90fa11fe9d3a54a8,1569,648
3,78-3.jpeg,"{""0"": 0.649, ""8"": 0.351}",0b3755fa6ea08f3c83ff15e6047d9da2,1376,648
7,79-7.jpeg,"{""8"": 0.329, ""0"": 0.671}",5bf56093e2391fb492d8fe6a5181cb13,2052,648
2,80-2.jpeg,"{""16"": 0.002, ""18"": 0.029, ""0"": 0.005, ""2"": 0.022, ""1"": 0.045, ""17"": 0.031, ""19"": 0.427, ""3"": 0.439}",84385e86d5d9666b76a5d4280a84eb6a,1086,648
7,81-7.jpeg,"{""8"": 0.002, ""0"": 0.003, ""25"": 0.357, ""10"": 0.011, ""2"": 0.021, ""19"": 0.006, ""18"": 0.001, ""1"": 0.113, ""11"": 0.013, ""3"": 0.003, ""27"": 0.019, ""16"": 0.012, ""17"": 0.102, ""9"": 0.326, ""26"": 0.001, ""24"": 0.01}",788b76e89edc37ad9d33245e7c7e39c1,1859,648
4,82-4.jpeg,"{""9"": 0.001, ""18"": 0.001, ""0"": 0.001, ""2"": 0.033, ""16"": 0.039, ""1"": 0.031, ""10"": 0.002, ""25"": 0.016, ""24"": 0.004, ""19"": 0.033, ""17"": 0.411, ""11"": 0.016, ""3"": 0.412}",e8e78f62858fe1487293fc92b6b823d6,1472,648
9,83-9.jpeg,"{""25"": 0.356, ""10"": 0.016, ""8"": 0.331, ""0"": 0.107, ""2"": 0.005, ""24"": 0.014, ""27"": 0.018, ""16"": 0.101, ""11"": 0.012, ""3"": 0.016, ""26"": 0.002, ""17"": 0.011, ""18"": 0.007, ""1"": 0.004}",e7c6a1ff420ea0dd1c107c8a91c64c51,2245,648
5,85-5.jpeg,"{""24"": 0.002, ""18"": 0.003, ""1"": 0.033, ""16"": 0.025, ""3"": 0.002, ""11"": 0.017, ""25"": 0.023, ""0"": 0.002, ""2"": 0.027, ""9"": 0.415, ""19"": 0.018, ""17"": 0.433}",9b3bba4b06c0cfcf6d5c0ac462aa8b7c,1569,648
8,86-8.jpeg,"{""0"": 0.001, ""3"": 0.004, ""24"": 0.348, ""1"": 0.094, ""8"": 0.001, ""19"": 0.007, ""10"": 0.014, ""25"": 0.01, ""2"": 0.012, ""11"": 0.015, ""27"": 0.003, ""16"": 0.011, ""9"": 0.358, ""17"": 0.107, ""26"": 0.015}",502e83a8e7e4039b3e509c172873867a,2052,648
1,87-1.jpeg,"{""16"": 0.002, ""0"": 0.001, ""2"": 0.019, ""1"": 0.047, ""18"": 0.026, ""3"": 0.424, ""17"": 0.032, ""19"": 0.449}",cdac039720cfbd7280aa3aebd486d873,990,648
3,88-3.jpeg,"{""16"": 0.001, ""9"": 0.002, ""0"": 0.001, ""2"": 0.03, ""10"": 0.001, ""25"": 0.004, ""27"": 0.023, ""18"": 0.026, ""1"": 0.042, ""17"": 0.041, ""19"": 0.372, ""11"": 0.022, ""3"": 0.435}",c24843c8bf2f719b60f7662487a9e55a,1279,648
5,90-5.jpeg,"{""3"": 0.646, ""0"": 0.354}",d37da6920c79911c1a7a1faf6aa7fc07,2052,648
1,91-1.jpeg,"{""0"": 1.0}",d9abb49163e1121499f61b6d79ecf6e8,1086,648
7,92-7.jpeg,"{""0"": 0.357, ""3"": 0.643}",b4138f455a57f9cfc10a8bbeff067c2d,2342,648
2,93-2.jpeg,"{""0"": 0.378, ""10"": 0.622}",885a7b74974f5b054294c40fb6fabdf0,1279,648
3,95-3.jpeg,"{""0"": 0.387, ""3"": 0.613}",e8c04bddd9df3c058f530acd8948561e,1472,648
8,96-8.jpeg,"{""0"": 0.337, ""1"": 0.663}",25a0041117710d716bd57f02fdbc3e7c,2535,648
4,98-4.jpeg,"{""0"": 0.345, ""3"": 0.655}",ddc62567ba05ee8768484cd04db8b95d,1666,648
4,100-4.jpeg,"{""24"": 0.493, ""16"": 0.507}",c3568d4f7bd11941a325c71515e4adf8,1859,648
9,102-9.jpeg,"{""0"": 0.003, ""10"": 0.004, ""14"": 0.004, ""2"": 0.04, ""12"": 0.017, ""13"": 0.016, ""24"": 0.057, ""25"": 0.045, ""1"": 0.003, ""18"": 0.066, ""19"": 0.055, ""9"": 0.038, ""26"": 0.108, ""5"": 0.018, ""17"": 0.116, ""7"": 0.019, ""3"": 0.047, ""11"": 0.004, ""27"": 0.138, ""16"": 0.113, ""4"": 0.007, ""15"": 0.019, ""8"": 0.037, ""6"": 0.026}",123441091eba98420fb32b1e5f867cfa,2631,1324
1,105-1.jpeg,"{""0"": 1.0}",d757867ae8201a8305d71b59e463b1d5,1086,648
6,107-6.jpeg,"{""24"": 0.013, ""13"": 0.155, ""8"": 0.012, ""12"": 0.01, ""9"": 0.163, ""4"": 0.246, ""16"": 0.24, ""25"": 0.161}",91cc8885570e18bc4eb0f7ed7ca179d4,2342,648
2,109-2.jpeg,"{""8"": 0.491, ""0"": 0.509}",66d3587631b5e9e12a7e6e9ae81ae53f,1376,648
9,110-9.jpeg,"{""2"": 0.015, ""16"": 0.009, ""24"": 0.179, ""25"": 0.196, ""10"": 0.165, ""3"": 0.109, ""11"": 0.197, ""17"": 0.13}",a0f1cbfdc873af8781dd201ec9be5348,2631,648
1,111-1.jpeg,"{""17"": 0.288, ""0"": 0.712}",6e64e8abf6c05050249afd0fb5ce36c2,1086,648
2,112-2.jpeg,"{""17"": 0.307, ""0"": 0.693}",b021f68927b7e4195447bccfe6a15845,1183,648
4,114-4.jpeg,"{""27"": 0.091, ""18"": 0.359, ""11"": 0.072, ""3"": 0.066, ""19"": 0.065, ""2"": 0.347}",d71062fe80bb3236474b4227c14f5306,1569,648
7,115-7.jpeg,"{""16"": 0.007, ""2"": 0.018, ""10"": 0.173, ""25"": 0.194, ""17"": 0.151, ""24"": 0.134, ""3"": 0.104, ""11"": 0.219}",c07a39d14229f9cdbbb3d4c775c82277,2245,648
5,117-5.jpeg,"{""3"": 0.163, ""27"": 0.002, ""10"": 0.134, ""18"": 0.225, ""19"": 0.151, ""26"": 0.112, ""2"": 0.213}",65f9b7b684f576840119a06031e691d8,1762,648
5,120-5.jpeg,"{""7"": 0.003, ""3"": 0.031, ""6"": 0.536, ""2"": 0.43}",9e74a207d838f72616067c5cdac5cb98,1859,648
8,121-8.jpeg,"{""1"": 0.012, ""5"": 0.012, ""13"": 0.007, ""0"": 0.325, ""9"": 0.004, ""12"": 0.173, ""8"": 0.286, ""4"": 0.181}",f70f24c00dd88e9b0df7290bd728b556,2631,1324
2,122-2.jpeg,"{""2"": 0.008, ""14"": 0.992}",75c4cc73134dee4578a414dfcc9017c0,1279,648
4,123-4.jpeg,"{""2"": 0.003, ""6"": 0.006, ""3"": 0.489, ""7"": 0.502}",134449720c8d44e82fe6ebc056278af2,1762,648
6,125-6.jpeg,"{""5"": 0.001, ""14"": 0.001, ""1"": 0.015, ""2"": 0.001, ""0"": 0.225, ""9"": 0.021, ""8"": 0.194, ""12"": 0.276, ""4"": 0.266}",76f5ae9bdc03266ce1cb383b69c22663,2148,648
1,126-1.jpeg,"{""2"": 0.008, ""14"": 0.992}",897c96448dcc888b598b3f9053fc352c,990,648
7,127-7.jpeg,"{""10"": 0.001, ""13"": 0.002, ""14"": 0.001, ""5"": 0.001, ""1"": 0.012, ""4"": 0.257, ""0"": 0.233, ""9"": 0.016, ""8"": 0.203, ""12"": 0.274}",275855204dfd909398c4455837a9f46c,2438,648
3,129-3.jpeg,"{""2"": 0.001, ""6"": 0.004, ""10"": 0.508, ""14"": 0.487}",27a49511d71fefcf0bc32d33d7372ab3,1569,648
8,130-8.jpeg,"{""4"": 0.238, ""0"": 0.252, ""8"": 0.266, ""12"": 0.244}",c0cad05d6b99f89492978ef9f5cc16f7,2535,648
9,131-9.jpeg,"{""4"": 0.245, ""0"": 0.236, ""12"": 0.263, ""8"": 0.256}",d845f353f23c32166cf9e994a8d6eda3,2631,648
1,132-1.jpeg,"{""4"": 0.508, ""0"": 0.492}",c324b53a31e8bca9900847b4e21a8a75,1086,648
6,133-6.jpeg,"{""4"": 0.489, ""0"": 0.511}",bc4a711f04ace7b5a8cc30b1ce77c15c,2052,648
7,135-7.jpeg,"{""0"": 0.235, ""12"": 0.255, ""8"": 0.269, ""4"": 0.241}",6f9c8be82e607726f78365863fbe9bb3,2342,648
3,136-3.jpeg,"{""4"": 0.488, ""0"": 0.512}",c616c72cd5bfb5d2a633388238c144f0,1569,648
8,140-8.jpeg,"{""6"": 0.002, ""18"": 0.001, ""20"": 0.076, ""0"": 0.432, ""4"": 0.089, ""16"": 0.4}",efb51ff4f092c0f303023828a0d572ed,1955,648
4,141-4.jpeg,"{""4"": 0.178, ""0"": 0.822}",d04eba59095276d7617751efdd179cbc,1279,648
3,142-3.jpeg,"{""4"": 0.16, ""0"": 0.84}",b42f8bfa766b86af0f71d005c1a8dff5,1183,648
9,143-9.jpeg,"{""6"": 0.002, ""22"": 0.002, ""20"": 0.09, ""0"": 0.408, ""4"": 0.075, ""16"": 0.423}",5e59692b3baf0c8f8339eb88074b7042,2148,648
7,144-7.jpeg,"{""20"": 0.073, ""0"": 0.409, ""4"": 0.084, ""16"": 0.434}",2d364aab228e352106e2f70fb828b231,1762,648
5,145-5.jpeg,"{""4"": 0.167, ""0"": 0.833}",41084c2d7618f85863cbc738fb7d178e,1472,648
6,147-6.jpeg,"{""4"": 0.167, ""0"": 0.833}",004f9556329f42aec45ed49a7250fc13,1569,648
4,150-4.jpeg,"{""1"": 0.008, ""17"": 0.003, ""5"": 0.077, ""21"": 0.912}",1b7a782cf5d4abc5155847ac79e00322,1569,648
1,151-1.jpeg,"{""16"": 0.09, ""0"": 0.91}",eb72254c37294b31c1f8be6b2b084cd0,990,648
2,153-2.jpeg,"{""16"": 0.09, ""0"": 0.91}",5d479e68807923a5347d8f1323c88441,1183,648
7,154-7.jpeg,"{""0"": 0.004, ""20"": 0.086, ""16"": 0.91}",b17261d4b0291d9197f4e5607403f451,1955,648
5,155-5.jpeg,"{""1"": 0.008, ""5"": 0.074, ""21"": 0.918}",7fc5fbd56aa64775d3adc33b9d1397a7,1666,648
6,156-6.jpeg,"{""20"": 0.092, ""0"": 0.012, ""16"": 0.896}",ca2daae2d19a244f6765ee986552f75a,1762,648
9,157-9.jpeg,"{""0"": 0.011, ""16"": 0.915, ""20"": 0.074}",89d6c1c57f43d1fc3457b1d7a42ddb92,2342,648
7,160-7.jpeg,"{""19"": 0.001, ""25"": 0.003, ""27"": 0.009, ""22"": 0.005, ""11"": 0.067, ""3"": 0.013, ""7"": 0.067, ""29"": 0.13, ""15"": 0.247, ""30"": 0.02, ""1"": 0.02, ""21"": 0.141, ""28"": 0.004, ""18"": 0.007, ""23"": 0.025, ""24"": 0.006, ""31"": 0.024, ""13"": 0.054, ""9"": 0.015, ""5"": 0.057, ""17"": 0.056, ""26"": 0.029}",d98313135fd2be6c19844b9beb6c587b,2148,648
9,161-9.jpeg,"{""27"": 0.001, ""0"": 0.007, ""4"": 0.004, ""11"": 0.004, ""30"": 0.011, ""10"": 0.01, ""14"": 0.008, ""19"": 0.001, ""22"": 0.041, ""7"": 0.027, ""3"": 0.019, ""29"": 0.03, ""13"": 0.176, ""6"": 0.01, ""18"": 0.002, ""1"": 0.003, ""21"": 0.038, ""23"": 0.237, ""2"": 0.031, ""15"": 0.048, ""31"": 0.053, ""25"": 0.02, ""5"": 0.161, ""17"": 0.006, ""9"": 0.052}",5c78c1f3ca27ac91838f37751acbaccc,2438,648
3,162-3.jpeg,"{""11"": 0.021, ""9"": 0.019, ""13"": 0.018, ""31"": 0.015, ""4"": 0.102, ""2"": 0.094, ""0"": 0.105, ""22"": 0.105, ""15"": 0.019, ""18"": 0.128, ""20"": 0.108, ""29"": 0.016, ""25"": 0.022, ""16"": 0.112, ""27"": 0.021, ""6"": 0.095}",a509377d8f8dbf7f6f192ff52693f9e7,1279,648
6,163-6.jpeg,"{""25"": 0.002, ""22"": 0.007, ""27"": 0.01, ""29"": 0.007, ""30"": 0.022, ""15"": 0.226, ""11"": 0.051, ""7"": 0.057, ""3"": 0.014, ""19"": 0.004, ""13"": 0.059, ""28"": 0.004, ""18"": 0.014, ""1"": 0.016, ""21"": 0.278, ""23"": 0.011, ""24"": 0.01, ""31"": 0.046, ""5"": 0.052, ""17"": 0.061, ""26"": 0.04, ""9"": 0.009}",fc49c82f979c263c0df8d2ae733fe7ea,1955,648
2,164-2.jpeg,"{""18"": 0.147, ""6"": 0.107, ""22"": 0.115, ""2"": 0.112, ""0"": 0.13, ""4"": 0.136, ""16"": 0.137, ""20"": 0.116}",c5ee37d094edae0ba53fc4fe1fb0cbec,1086,648
8,168-8.jpeg,"{""19"": 0.002, ""4"": 0.003, ""20"": 0.001, ""25"": 0.006, ""0"": 0.006, ""14"": 0.01, ""29"": 0.001, ""12"": 0.004, ""15"": 0.04, ""11"": 0.026, ""22"": 0.038, ""2"": 0.02, ""13"": 0.32, ""8"": 0.008, ""6"": 0.011, ""30"": 0.03, ""3"": 0.017, ""7"": 0.036, ""18"": 0.003, ""1"": 0.027, ""23"": 0.145, ""21"": 0.055, ""24"": 0.001, ""31"": 0.118, ""5"": 0.001, ""26"": 0.001, ""17"": 0.016, ""9"": 0.039, ""10"": 0.015}",cf5b71564032651503fa502a2f472e71,2342,648
4,169-4.jpeg,"{""15"": 0.004, ""31"": 0.015, ""30"": 0.008, ""10"": 0.011, ""20"": 0.094, ""11"": 0.01, ""18"": 0.251, ""2"": 0.069, ""0"": 0.046, ""22"": 0.092, ""27"": 0.063, ""16"": 0.247, ""4"": 0.017, ""26"": 0.051, ""6"": 0.02, ""14"": 0.002}",22ddf620e348616063d4e7151f90c894,1569,648
3,170-3.jpeg,"{""10"": 0.178, ""0"": 0.822}",d141f22f1c5b9447fe6aa66f7f4dba7d,1279,648
8,171-8.jpeg,"{""1"": 0.004, ""8"": 0.006, ""10"": 0.079, ""3"": 0.074, ""2"": 0.034, ""0"": 0.803}",05ccdbfafa31bbcb5920aa322ea21197,2438,648
6,172-6.jpeg,"{""8"": 0.004, ""4"": 0.007, ""6"": 0.066, ""10"": 0.088, ""2"": 0.05, ""0"": 0.785}",e9f6e928a17d6699352ebd9f688eb532,2148,648
2,173-2.jpeg,"{""10"": 0.186, ""0"": 0.814}",c2cf0c7aa5f683cd5fe9b50064830eda,1086,648
1,175-1.jpeg,"{""10"": 0.157, ""0"": 0.843}",aae24781c3dd61b016352c4f3382ed0e,990,648
5,177-5.jpeg,"{""10"": 0.077, ""6"": 0.096, ""0"": 0.827}",b006670f2526db80ca1f0e859a701e36,1859,648
4,179-4.jpeg,"{""10"": 0.085, ""14"": 0.08, ""0"": 0.835}",5bf2987a852fafbd1a60c3cabf018967,1569,648
3,180-3.jpeg,"{""10"": 0.192, ""2"": 0.207, ""9"": 0.286, ""1"": 0.315}",6459f82f9b6ac356b5ea2c7143385e35,1376,648
5,181-5.jpeg,"{""8"": 0.006, ""24"": 0.004, ""0"": 0.008, ""25"": 0.013, ""16"": 0.011, ""27"": 0.027, ""19"": 0.03, ""12"": 0.027, ""29"": 0.093, ""11"": 0.047, ""3"": 0.054, ""20"": 0.04, ""9"": 0.015, ""17"": 0.008, ""5"": 0.105, ""26"": 0.047, ""1"": 0.013, ""18"": 0.054, ""21"": 0.046, ""28"": 0.053, ""4"": 0.06, ""13"": 0.066, ""2"": 0.09, ""10"": 0.083}",2b0758a7fd3f9752a929b11617253c7c,2052,648
2,182-2.jpeg,"{""0"": 0.425, ""18"": 0.575}",44d7cf1aad2d22db01c600efd7ff8c00,1086,648
8,183-8.jpeg,"{""29"": 0.001, ""13"": 0.003, ""6"": 0.008, ""8"": 0.016, ""22"": 0.007, ""19"": 0.061, ""0"": 0.015, ""25"": 0.001, ""27"": 0.056, ""16"": 0.011, ""30"": 0.006, ""10"": 0.062, ""12"": 0.111, ""3"": 0.022, ""7"": 0.04, ""20"": 0.066, ""11"": 0.101, ""2"": 0.037, ""21"": 0.001, ""28"": 0.059, ""18"": 0.065, ""23"": 0.041, ""4"": 0.117, ""24"": 0.011, ""31"": 0.015, ""5"": 0.001, ""26"": 0.04, ""15"": 0.017, ""14"": 0.009}",cfcd3d1b8a9fdff65390aa6294058905,2535,648
6,185-6.jpeg,"{""0"": 0.009, ""19"": 0.025, ""25"": 0.011, ""20"": 0.03, ""24"": 0.006, ""8"": 0.009, ""10"": 0.078, ""16"": 0.006, ""27"": 0.025, ""12"": 0.036, ""29"": 0.097, ""11"": 0.053, ""3"": 0.05, ""2"": 0.073, ""1"": 0.017, ""18"": 0.055, ""21"": 0.054, ""28"": 0.063, ""17"": 0.011, ""9"": 0.017, ""5"": 0.107, ""26"": 0.045, ""4"": 0.065, ""13"": 0.058}",0b83fbccc8e6443989e4ac3543a9493e,2245,648
9,186-9.jpeg,"{""14"": 0.009, ""13"": 0.002, ""24"": 0.004, ""31"": 0.036, ""30"": 0.005, ""3"": 0.023, ""7"": 0.017, ""10"": 0.025, ""29"": 0.008, ""8"": 0.017, ""6"": 0.005, ""26"": 0.015, ""5"": 0.011, ""19"": 0.065, ""12"": 0.125, ""4"": 0.115, ""0"": 0.006, ""2"": 0.088, ""15"": 0.052, ""21"": 0.003, ""23"": 0.01, ""18"": 0.09, ""28"": 0.058, ""22"": 0.008, ""16"": 0.003, ""27"": 0.066, ""11"": 0.084, ""20"": 0.05}",be5c4996938d5fe434d18f5be656aba5,2631,1324
4,187-4.jpeg,"{""1"": 0.026, ""9"": 0.023, ""26"": 0.077, ""2"": 0.126, ""18"": 0.083, ""25"": 0.015, ""10"": 0.129, ""17"": 0.019, ""5"": 0.164, ""13"": 0.169, ""29"": 0.088, ""21"": 0.081}",c15a8347e981309c198f40ba7a8df895,1859,648
7,190-7.jpeg,"{""1"": 0.031, ""25"": 0.058, ""16"": 0.113, ""17"": 0.018, ""0"": 0.107, ""24"": 0.308, ""9"": 0.063, ""8"": 0.302}",f70fa41c7a4c1cf399f59ea157850e74,2631,648
8,191-8.jpeg,"{""17"": 0.021, ""1"": 0.021, ""16"": 0.119, ""0"": 0.122, ""24"": 0.292, ""25"": 0.051, ""9"": 0.061, ""8"": 0.313}",59bb875a79043ff9a0e6aa7ffc42e2e9,2631,1324
9,192-9.jpeg,"{""3"": 0.011, ""19"": 0.008, ""2"": 0.044, ""0"": 0.05, ""24"": 0.133, ""10"": 0.146, ""25"": 0.028, ""27"": 0.028, ""16"": 0.059, ""8"": 0.146, ""18"": 0.054, ""1"": 0.022, ""11"": 0.039, ""9"": 0.037, ""26"": 0.183, ""17"": 0.012}",c8116df0a037c521378deea6ad15dfae,2631,1324
1,193-1.jpeg,"{""8"": 0.01, ""0"": 0.99}",8f9ddabb4096101f278df21edda8104f,1183,648
3,194-3.jpeg,"{""0"": 0.164, ""8"": 0.836}",84e0c100ec1d6d74870a0749779b23c8,1666,648
4,197-4.jpeg,"{""16"": 0.143, ""8"": 0.342, ""0"": 0.139, ""24"": 0.376}",cd334d2ea112a9f69eb4577c2f2d5eb7,1762,648
5,199-5.jpeg,"{""16"": 0.134, ""8"": 0.382, ""24"": 0.342, ""0"": 0.142}",a82ebe81dfd98b289485e241efe6bf8f,1955,648
6,200-6.jpeg,"{""0"": 0.002, ""16"": 0.002, ""1"": 0.479, ""17"": 0.517}",0b6aed8a8536f5fd0ba389f903ed3ebd,2342,648
7,201-7.jpeg,"{""16"": 0.001, ""0"": 0.001, ""1"": 0.471, ""17"": 0.527}",39d6381ac51e7f7d8c09359ea981fd66,2438,648
1,202-1.jpeg,"{""0"": 1.0}",8d3d036d76a9c25d93e30ec1c3fdc72d,1279,648
4,203-4.jpeg,"{""0"": 1.0}",69506639858644798c45233d8a1f86d0,1859,648
8,204-8.jpeg,"{""16"": 0.003, ""0"": 0.001, ""17"": 0.503, ""1"": 0.493}",5b036ff4c06b54ef2402216771ec6575,2631,648
9,207-9.jpeg,"{""0"": 0.002, ""16"": 0.002, ""17"": 0.486, ""1"": 0.51}",a75c428f168fa088e5bc375af4f9a3d6,2631,1324
8,210-8.jpeg,"{""31"": 0.068, ""30"": 0.071, ""20"": 0.004, ""29"": 0.387, ""28"": 0.076, ""0"": 0.394}",7db41e4aabb16bba91f37673ec35ef0d,2245,648
5,211-5.jpeg,"{""12"": 0.001, ""13"": 0.003, ""29"": 0.161, ""28"": 0.298, ""1"": 0.176, ""23"": 0.154, ""0"": 0.207}",a89917ac3a64c913fdafeea088687eb2,1666,648
6,213-6.jpeg,"{""12"": 0.003, ""31"": 0.074, ""29"": 0.074, ""28"": 0.371, ""30"": 0.079, ""0"": 0.399}",43eb3eabec633f4c748b90fa7d64d733,1859,648
3,214-3.jpeg,"{""12"": 0.002, ""13"": 0.001, ""0"": 0.2, ""29"": 0.308, ""1"": 0.194, ""28"": 0.295}",9fed32217a9933b2e4c96e6b1ab160c7,1376,648
4,216-4.jpeg,"{""12"": 0.002, ""13"": 0.002, ""29"": 0.136, ""1"": 0.206, ""28"": 0.286, ""31"": 0.174, ""0"": 0.194}",c95d442fa673fd0e3c714918c34dea8a,1472,648
7,217-7.jpeg,"{""31"": 0.078, ""30"": 0.075, ""20"": 0.002, ""29"": 0.067, ""0"": 0.415, ""28"": 0.363}",145279fb1765a66ab25b1bd31e6fb358,2052,648
1,218-1.jpeg,"{""1"": 0.212, ""0"": 0.213, ""12"": 0.26, ""13"": 0.315}",94e7b4f7261d981c4154d20cf1b92b6c,990,648
1,220-1.jpeg,"{""0"": 1.0}",35263f39e54606ba3b0998ef35aeac8a,1086,648
4,221-4.jpeg,"{""0"": 1.0}",d4b29c1cef2df7c3fb637c16dd8deeb8,1762,648
6,222-6.jpeg,"{""0"": 1.0}",1c1229e429880c809e54acb6bf5265f4,2342,648
5,223-5.jpeg,"{""0"": 1.0}",e318f7750f8163b4d25ad58818ff6c01,2052,648
2,224-2.jpeg,"{""0"": 1.0}",cc7f7dd7ac4d8a0672e4ab523d6368f1,1376,648
8,225-8.jpeg,"{""0"": 1.0}",d83560603e2f17827bd88c375ddd3857,2631,1324
9,228-9.jpeg,"{""0"": 1.0}",a27ac94733b72b339fb54413e73c0a9c,2631,1324
8,230-8.jpeg,"{""6"": 0.337, ""0"": 0.142, ""2"": 0.153, ""4"": 0.368}",fedc21bf408621d95622b50d2d9a90dc,2535,648
9,231-9.jpeg,"{""1"": 0.069, ""23"": 0.186, ""21"": 0.16, ""7"": 0.161, ""3"": 0.081, ""5"": 0.172, ""19"": 0.083, ""17"": 0.088}",ae62d0fd5b0a7a222e1ec5020ab831a8,2631,1324
5,233-5.jpeg,"{""2"": 0.179, ""0"": 0.175, ""4"": 0.315, ""6"": 0.331}",106e0a93d18bce0d585bed1d11e56d2e,1955,648
3,234-3.jpeg,"{""4"": 0.335, ""0"": 0.141, ""2"": 0.153, ""6"": 0.371}",9f2b1e7163b4a1e326f5f70556724b90,1472,648
6,235-6.jpeg,"{""4"": 0.362, ""6"": 0.336, ""2"": 0.159, ""0"": 0.143}",aeb91870dcfc1941fcbc6562f1579f3c,2148,648
7,236-7.jpeg,"{""2"": 0.159, ""0"": 0.151, ""6"": 0.353, ""4"": 0.337}",54e11f68fab7e484265314a892fb65f9,2245,648
2,238-2.jpeg,"{""4"": 0.317, ""6"": 0.347, ""2"": 0.176, ""0"": 0.16}",79266eb4809d9ac8213d397128de49d6,1279,648
6,240-6.jpeg,"{""0"": 1.0}",fdfb0536be55b14d13541232c4b8845e,1955,648
7,241-7.jpeg,"{""0"": 1.0}",941ec5fbc619e45d6d26d2ac461eadfb,2148,648
5,243-5.jpeg,"{""0"": 1.0}",26aaf8d768a181c284bb56b00921ce88,1762,648
9,244-9.jpeg,"{""10"": 0.021, ""0"": 0.979}",bb4def158546867023a78c1fed6bf6e2,2631,648
2,246-2.jpeg,"{""0"": 1.0}",08e7a20e790f4f0db8269f23794fea37,1086,648
3,247-3.jpeg,"{""0"": 1.0}",1aeb4eb353de0761c9ad019bc1e8d404,1376,648
1,248-1.jpeg,"{""0"": 1.0}",bcae5a1848f8987c82da37cc44e424a4,893,648
9,250-9.jpeg,"{""13"": 0.001, ""11"": 0.001, ""25"": 0.001, ""10"": 0.001, ""4"": 0.002, ""3"": 0.021, ""0"": 0.021, ""14"": 0.093, ""26"": 0.001, ""17"": 0.086, ""5"": 0.085, ""9"": 0.102, ""24"": 0.029, ""22"": 0.114, ""15"": 0.021, ""8"": 0.018, ""6"": 0.117, ""16"": 0.017, ""27"": 0.02, ""21"": 0.002, ""18"": 0.002, ""23"": 0.025, ""30"": 0.108, ""29"": 0.112}",a31475488c7d2562238d2291d9539708,2631,1324
4,251-4.jpeg,"{""24"": 0.001, ""8"": 0.001, ""16"": 0.003, ""0"": 0.004, ""6"": 0.259, ""30"": 0.255, ""14"": 0.253, ""22"": 0.224}",c34418266cd19e16cfa655eb2aa17cf5,1955,648
7,252-7.jpeg,"{""2"": 0.001, ""18"": 0.002, ""4"": 0.119, ""3"": 0.001, ""20"": 0.13, ""21"": 0.138, ""25"": 0.134, ""19"": 0.003, ""5"": 0.101, ""12"": 0.107, ""9"": 0.123, ""15"": 0.002, ""28"": 0.139}",dc019db5d41d24ef55f88ce50330e09f,2438,648
6,254-6.jpeg,"{""27"": 0.001, ""10"": 0.001, ""18"": 0.003, ""11"": 0.001, ""21"": 0.114, ""29"": 0.133, ""20"": 0.134, ""4"": 0.117, ""28"": 0.118, ""13"": 0.125, ""12"": 0.12, ""19"": 0.002, ""5"": 0.131}",9d0a75ca69dc14cc266b2efad21eca44,2245,648
3,255-3.jpeg,"{""0"": 0.544, ""8"": 0.456}",26c56da7f75b03fa4f51c107844515b7,1569,648
8,257-8.jpeg,"{""29"": 0.029, ""20"": 0.014, ""2"": 0.105, ""9"": 0.02, ""26"": 0.105, ""17"": 0.018, ""5"": 0.023, ""27"": 0.096, ""10"": 0.089, ""3"": 0.104, ""12"": 0.022, ""15"": 0.114, ""23"": 0.11, ""18"": 0.097, ""28"": 0.031, ""4"": 0.023}",1c95f9e76d2f90fb4f92136f31878e10,2535,648
1,258-1.jpeg,"{""0"": 1.0}",3f90cf0efb93e84337d319d6b90b2fab,990,648
2,260-2.jpeg,"{""4"": 0.125, ""0"": 0.875}",f54589b685e7b81df1c2ac85c955faa3,1279,648
6,261-6.jpeg,"{""21"": 0.003, ""15"": 0.004, ""5"": 0.003, ""30"": 0.058, ""11"": 0.007, ""4"": 0.059, ""16"": 0.076, ""28"": 0.056, ""18"": 0.048, ""20"": 0.056, ""23"": 0.003, ""22"": 0.043, ""2"": 0.05, ""24"": 0.07, ""27"": 0.006, ""31"": 0.007, ""14"": 0.062, ""19"": 0.007, ""1"": 0.001, ""6"": 0.054, ""9"": 0.003, ""26"": 0.049, ""17"": 0.002, ""29"": 0.008, ""7"": 0.007, ""3"": 0.006, ""8"": 0.064, ""12"": 0.051, ""10"": 0.049, ""13"": 0.007, ""0"": 0.076, ""25"": 0.005}",c39562b602f6123d05aa50084a506e60,2052,648
3,262-3.jpeg,"{""1"": 0.034, ""5"": 0.036, ""0"": 0.474, ""4"": 0.456}",1ba0d74d44dd12212100b89aac9707ac,1472,648
4,263-4.jpeg,"{""19"": 0.001, ""0"": 0.202, ""2"": 0.037, ""16"": 0.194, ""4"": 0.207, ""20"": 0.211, ""7"": 0.002, ""3"": 0.004, ""6"": 0.027, ""23"": 0.001, ""21"": 0.019, ""18"": 0.023, ""1"": 0.02, ""22"": 0.027, ""17"": 0.015, ""5"": 0.01}",9585b7b701ba3c94eab735c5dbb0c591,1666,648
8,264-8.jpeg,"{""7"": 0.003, ""11"": 0.002, ""21"": 0.003, ""10"": 0.045, ""5"": 0.006, ""26"": 0.056, ""9"": 0.006, ""17"": 0.004, ""19"": 0.003, ""14"": 0.051, ""4"": 0.053, ""29"": 0.007, ""24"": 0.061, ""2"": 0.057, ""8"": 0.062, ""12"": 0.077, ""0"": 0.054, ""25"": 0.005, ""20"": 0.06, ""23"": 0.009, ""28"": 0.057, ""18"": 0.057, ""6"": 0.068, ""1"": 0.006, ""22"": 0.043, ""30"": 0.066, ""3"": 0.003, ""16"": 0.058, ""31"": 0.006, ""27"": 0.002, ""15"": 0.005, ""13"": 0.005}",17cfd3e799883170d8e618acd6141a5d,2631,648
3,270-3.jpeg,"{""0"": 1.0}",b25241a8a3f492e4fa215ed36475cc57,1376,648
4,271-4.jpeg,"{""0"": 0.51, ""16"": 0.49}",70d02862c386f31dd53595a4b89d680e,1472,648
2,272-2.jpeg,"{""0"": 1.0}",4057e4833f5734b7e68d669c72a27b79,1086,648
5,275-5.jpeg,"{""16"": 0.484, ""0"": 0.516}",61b6d982105f5476ab311d590578bb06,1569,648
7,276-7.jpeg,"{""22"": 0.017, ""6"": 0.025, ""18"": 0.483, ""2"": 0.475}",6e4172c0c0168827fd73922abc766b11,2148,648
8,277-8.jpeg,"{""18"": 0.956, ""22"": 0.044}",15e695dadb8e1ea4131d1fe77d9fefef,2342,648
6,278-6.jpeg,"{""22"": 0.022, ""6"": 0.012, ""2"": 0.455, ""18"": 0.511}",5380b50d3faa4e85814d8cd625a42f7d,1955,648
1,279-1.jpeg,"{""0"": 1.0}",a1b54747625725bde37fea0f4edaf9f8,990,648
6,280-6.jpeg,"{""1"": 0.049, ""0"": 0.096, ""4"": 0.505, ""5"": 0.35}",6980834df46f75c3759488dd16d7a8e0,2148,648
3,281-3.jpeg,"{""5"": 0.596, ""1"": 0.404}",6cce51f41f8ce78d510dfd7c222f9919,1472,648
5,282-5.jpeg,"{""1"": 0.056, ""0"": 0.094, ""4"": 0.532, ""5"": 0.318}",9d63fc26fc9f8f4cf685e28d20d29d1a,1955,648
4,285-4.jpeg,"{""1"": 0.16, ""5"": 0.84}",8999a3fb63b4a25099757a91b7f30706,1762,648
9,286-9.jpeg,"{""1"": 0.063, ""0"": 0.086, ""4"": 0.531, ""5"": 0.32}",15be1d2ab1acf688c4ae61002b0694c3,2631,648
2,288-2.jpeg,"{""5"": 0.502, ""1"": 0.498}",05f267b6f97f124ce8c41ac71ef1f085,1183,648
7,290-7.jpeg,"{""12"": 0.141, ""5"": 0.218, ""31"": 0.109, ""4"": 0.281, ""28"": 0.129, ""15"": 0.122}",53382907e60a0ad3784ca4afa06876d4,2052,648
6,291-6.jpeg,"{""8"": 0.265, ""0"": 0.28, ""1"": 0.222, ""11"": 0.233}",3bd0bcd2ff5f51e18255a93e4bb67707,1955,648
1,292-1.jpeg,"{""0"": 1.0}",7a9b5ee295f1a18cdb8c94033c1db655,990,648
5,293-5.jpeg,"{""0"": 0.231, ""9"": 0.243, ""8"": 0.312, ""1"": 0.214}",7ab076751a3ddb27f2698e0e8789f3d9,1666,648
2,294-2.jpeg,"{""2"": 0.519, ""0"": 0.481}",743cc7641505c772ad3cf7c7e8fd43fc,1086,648
9,298-9.jpeg,"{""25"": 0.014, ""27"": 0.023, ""22"": 0.026, ""31"": 0.055, ""4"": 0.098, ""13"": 0.059, ""6"": 0.091, ""30"": 0.064, ""29"": 0.064, ""11"": 0.103, ""20"": 0.028, ""28"": 0.062, ""15"": 0.053, ""14"": 0.077, ""12"": 0.078, ""9"": 0.105}",505e37e3e460f14a671e01b03753f702,2535,648
9,300-9.jpeg,"{""27"": 0.002, ""25"": 0.005, ""9"": 0.006, ""31"": 0.105, ""15"": 0.087, ""29"": 0.424, ""13"": 0.371}",aa33a3c87ce94cd5db79d67354e3e39e,2631,648
1,301-1.jpeg,"{""0"": 1.0}",51b3e5c77e44f24572f6322629d3dcd8,1086,648
2,302-2.jpeg,"{""16"": 1.0}",51116b8896e5e22d92e64c00cffecd53,1279,648
6,303-6.jpeg,"{""7"": 0.185, ""3"": 0.815}",9678847c744e0851480ffbe922dfaf88,2052,648
4,304-4.jpeg,"{""17"": 0.2, ""16"": 0.8}",93469d119dc6badc6d5647de7f8314f1,1666,648
7,305-7.jpeg,"{""15"": 0.098, ""11"": 0.336, ""31"": 0.125, ""27"": 0.441}",a42b0927aeb530e381b0b5db9886f1cd,2245,648
7,310-7.jpeg,"{""15"": 0.003, ""4"": 0.021, ""12"": 0.043, ""13"": 0.002, ""6"": 0.116, ""14"": 0.007, ""5"": 0.098, ""7"": 0.71}",2358126a529c52dc02d2bf42da7e1cab,2052,648
4,312-4.jpeg,"{""4"": 0.015, ""14"": 0.009, ""5"": 0.102, ""12"": 0.041, ""7"": 0.708, ""13"": 0.005, ""6"": 0.12}",a478f8e8d66020bfafba7757cf4d118e,1472,648
3,313-3.jpeg,"{""15"": 0.004, ""7"": 0.008, ""13"": 0.03, ""6"": 0.416, ""4"": 0.055, ""12"": 0.07, ""5"": 0.021, ""14"": 0.396}",edbfe55d0dc089a75472da881dce4811,1376,648
1,314-1.jpeg,"{""11"": 0.036, ""3"": 0.034, ""0"": 0.464, ""8"": 0.466}",b941a78dc5f5a20c819db36914ceec5b,990,648
6,318-6.jpeg,"{""15"": 0.002, ""4"": 0.018, ""12"": 0.041, ""14"": 0.008, ""5"": 0.128, ""7"": 0.697, ""13"": 0.008, ""6"": 0.098}",d069e66d0a4024d87fc0328fba0f6537,1762,648
2,319-2.jpeg,"{""7"": 0.019, ""13"": 0.016, ""6"": 0.216, ""15"": 0.014, ""12"": 0.205, ""4"": 0.259, ""14"": 0.258, ""5"": 0.013}",d97ad671a9de4e81dab849f440747ce4,1086,648
1,320-1.jpeg,"{""0"": 0.436, ""8"": 0.564}",20ffb291c289a0feaf90539a2192782e,1183,648
9,321-9.jpeg,"{""10"": 0.001, ""22"": 0.004, ""29"": 0.007, ""30"": 0.012, ""2"": 0.034, ""31"": 0.015, ""24"": 0.046, ""19"": 0.055, ""7"": 0.004, ""3"": 0.025, ""11"": 0.2, ""4"": 0.005, ""5"": 0.007, ""26"": 0.064, ""17"": 0.042, ""9"": 0.179, ""6"": 0.011, ""8"": 0.003, ""16"": 0.013, ""27"": 0.039, ""25"": 0.027, ""15"": 0.036, ""18"": 0.01, ""21"": 0.015, ""23"": 0.013, ""28"": 0.013, ""1"": 0.029, ""13"": 0.047, ""0"": 0.044}",4820bbe135613d83cf4c911c9bbbd941,2631,1324
3,322-3.jpeg,"{""17"": 0.043, ""0"": 0.188, ""21"": 0.053, ""29"": 0.065, ""8"": 0.201, ""12"": 0.217, ""4"": 0.155, ""25"": 0.078}",857acef0f92f104719dc30e82e71a6ae,1666,648
5,323-5.jpeg,"{""12"": 0.039, ""13"": 0.016, ""24"": 0.067, ""4"": 0.04, ""16"": 0.041, ""8"": 0.04, ""25"": 0.168, ""0"": 0.044, ""5"": 0.014, ""9"": 0.024, ""17"": 0.114, ""29"": 0.146, ""28"": 0.065, ""1"": 0.017, ""21"": 0.116, ""20"": 0.049}",6d4adfdbffc97c475e3761db8e63426c,1955,648
4,324-4.jpeg,"{""25"": 0.015, ""0"": 0.053, ""21"": 0.013, ""28"": 0.043, ""1"": 0.126, ""16"": 0.044, ""4"": 0.043, ""13"": 0.145, ""8"": 0.048, ""12"": 0.067, ""5"": 0.118, ""17"": 0.021, ""9"": 0.138, ""20"": 0.043, ""29"": 0.03, ""24"": 0.053}",fe7bb4cf594b3a1e1a2a7de6bfc8c220,1859,648
2,326-2.jpeg,"{""4"": 0.333, ""28"": 0.12, ""12"": 0.449, ""20"": 0.098}",821ef5dffd9a80c04b539a3916bfb53f,1376,648
6,327-6.jpeg,"{""8"": 0.008, ""25"": 0.02, ""16"": 0.104, ""4"": 0.079, ""0"": 0.083, ""29"": 0.021, ""20"": 0.094, ""12"": 0.015, ""17"": 0.266, ""5"": 0.029, ""9"": 0.001, ""24"": 0.011, ""13"": 0.002, ""28"": 0.01, ""21"": 0.231, ""1"": 0.026}",e3123eed4b4e1584054429d5589e7669,2245,648
7,330-7.jpeg,"{""0"": 0.497, ""24"": 0.503}",bd39f48fec9ff2e8007ac92fb420f4a2,2438,648
9,331-9.jpeg,"{""0"": 0.508, ""24"": 0.492}",1e73b7676afb49841f8abaed8491d37a,2631,1324
6,332-6.jpeg,"{""0"": 0.528, ""24"": 0.472}",367f3f50e44fdc228c978edb126faed6,2245,648
3,333-3.jpeg,"{""0"": 0.519, ""8"": 0.481}",bb39325427a96c693dcf4217d9ff9d4e,1472,648
5,334-5.jpeg,"{""8"": 0.48, ""0"": 0.52}",e61259bace5070dcf862c8e2be663c75,2148,648
8,336-8.jpeg,"{""0"": 0.504, ""24"": 0.496}",da3497104d63277772b2cdde8add41c6,2535,648
1,337-1.jpeg,"{""0"": 0.479, ""8"": 0.521}",bfaed630acdc807e064cfb742edc337e,1086,648
4,339-4.jpeg,"{""8"": 0.497, ""0"": 0.503}",85d49e232da34613fb89a6f6ef54c794,1859,648
7,340-7.jpeg,"{""22"": 0.345, ""16"": 0.131, ""23"": 0.358, ""17"": 0.166}",0902542a3bab9d0581fba8a992d6cd03,2631,1324
9,341-9.jpeg,"{""20"": 0.08, ""18"": 0.035, ""26"": 0.046, ""16"": 0.042, ""25"": 0.01, ""27"": 0.241, ""24"": 0.042, ""30"": 0.094, ""28"": 0.088, ""22"": 0.083, ""17"": 0.009, ""19"": 0.23}",f27650495bcb82454cb6e1000e6841eb,2631,1324
6,342-6.jpeg,"{""16"": 0.161, ""23"": 0.358, ""17"": 0.14, ""22"": 0.341}",4cde7375c554da9a1b66c078cc2e8ce1,2535,648
5,343-5.jpeg,"{""23"": 0.336, ""17"": 0.138, ""22"": 0.37, ""16"": 0.156}",de740fd74dc589a11c8cc98f7ad2573b,2245,648
3,344-3.jpeg,"{""21"": 0.251, ""20"": 0.267, ""16"": 0.227, ""17"": 0.255}",cb6facf9ef47584e9fa6310e1b2417c8,1859,648
2,346-2.jpeg,"{""16"": 0.234, ""21"": 0.251, ""20"": 0.257, ""17"": 0.258}",e9dac25378d73fba1a81d04429f9cd53,1279,648
4,348-4.jpeg,"{""16"": 0.144, ""17"": 0.158, ""21"": 0.356, ""20"": 0.342}",109a73690effead06ba038d1d03b7555,2052,648
1,349-1.jpeg,"{""4"": 0.507, ""0"": 0.493}",d8b3a46e250201f153f87cff647e80e2,990,648
8,350-8.jpeg,"{""13"": 0.009, ""29"": 0.012, ""21"": 0.024, ""7"": 0.03, ""3"": 0.046, ""23"": 0.193, ""31"": 0.057, ""15"": 0.007, ""1"": 0.049, ""19"": 0.471, ""17"": 0.078, ""5"": 0.024}",1e050f00a3f82f7b29ec115cfea0a506,2631,648
9,351-9.jpeg,"{""13"": 0.004, ""1"": 0.026, ""17"": 0.096, ""5"": 0.011, ""19"": 0.164, ""27"": 0.025, ""23"": 0.063, ""11"": 0.041, ""29"": 0.015, ""21"": 0.042, ""3"": 0.378, ""7"": 0.135}",40e7c5844973f1d3a9d2025729925602,2631,1324
6,352-6.jpeg,"{""6"": 0.042, ""0"": 0.004, ""2"": 0.117, ""20"": 0.042, ""4"": 0.001, ""16"": 0.116, ""22"": 0.194, ""18"": 0.484}",e272c65750b9e7b8efe84185310969c4,2148,648
1,353-1.jpeg,"{""0"": 0.186, ""16"": 0.814}",b64c3bd40c4f8d5a1a085723bc822b92,990,648
5,354-5.jpeg,"{""16"": 0.079, ""2"": 0.103, ""0"": 0.095, ""18"": 0.723}",6f659021e8cd31ffe0bd548ffdb6f6c3,1955,648
7,355-7.jpeg,"{""20"": 0.042, ""22"": 0.179, ""0"": 0.013, ""2"": 0.129, ""4"": 0.004, ""16"": 0.115, ""18"": 0.459, ""6"": 0.059}",48abaf0bbcd371987f4d46c7ffa632ed,2438,648
4,356-4.jpeg,"{""18"": 0.149, ""16"": 0.663, ""2"": 0.036, ""0"": 0.152}",da7b1f7c7b0bb7f63a03ff6b33d7cd5a,1666,648
1,360-1.jpeg,"{""0"": 1.0}",c467a1489345ab83f3bece1c5a9cc46d,893,648
3,362-3.jpeg,"{""0"": 0.486, ""8"": 0.514}",309c4823b5598ca523d97f9c8a1096f6,1472,648
5,363-5.jpeg,"{""17"": 0.004, ""24"": 0.001, ""25"": 0.005, ""0"": 0.252, ""1"": 0.261, ""8"": 0.258, ""9"": 0.219}",dc2ff5d8c664763eb5378ef2751f0526,1762,648
4,364-4.jpeg,"{""16"": 0.003, ""24"": 0.003, ""0"": 0.503, ""8"": 0.491}",85bded423653a37c479054401d605f01,1666,648
6,368-6.jpeg,"{""17"": 0.001, ""16"": 0.001, ""9"": 0.395, ""8"": 0.105, ""0"": 0.105, ""1"": 0.393}",47eade615ea67e32f8f75c03cd59f56f,2052,648
2,369-2.jpeg,"{""0"": 1.0}",718162d6b1c25147e02c488e1e4f847f,1183,648
7,370-7.jpeg,"{""0"": 1.0}",9f2a3c6ffe4750e8d40d147d49fb5ef7,2052,648
8,371-8.jpeg,"{""0"": 1.0}",c13faa8732b174a8ff51ee0447c84abb,2148,648
3,372-3.jpeg,"{""0"": 1.0}",09a97ca8cdb0d5f5322a1c8985fc7dd4,1376,648
2,374-2.jpeg,"{""0"": 1.0}",35afbf38abaa8d833a0c2e37522342fe,1183,648
1,375-1.jpeg,"{""0"": 1.0}",e28bb4ac4bd7954a38170e9e74968cb7,990,648
4,377-4.jpeg,"{""0"": 1.0}",54c4d8f22ab20417cbed94016bb0b10a,1472,648
9,379-9.jpeg,"{""8"": 1.0}",23032aa90721df6089da6221c05695b1,2342,648
8,380-8.jpeg,"{""1"": 0.524, ""0"": 0.476}",68aa0aea2253d7618475d00ae27b06d8,2148,648
7,382-7.jpeg,"{""1"": 0.48, ""0"": 0.52}",e0832dad7d537b2b61dfc28cff8e8008,2052,648
5,383-5.jpeg,"{""0"": 0.528, ""1"": 0.472}",9f225e978637288da82132871780ef23,1666,648
4,384-4.jpeg,"{""0"": 0.489, ""1"": 0.511}",9e8e00a57e109d59110d89d4cee7c666,1472,648
6,386-6.jpeg,"{""1"": 0.497, ""0"": 0.503}",595c60ef5d10d71a669f81fa7a1b1b57,1859,648
2,389-2.jpeg,"{""0"": 0.512, ""1"": 0.488}",35c93887e529907d3866937bca503571,1183,648
4,390-4.jpeg,"{""16"": 0.495, ""0"": 0.505}",d07aeb164e03a0d822624f8051b73edb,1666,648
1,391-1.jpeg,"{""0"": 1.0}",b4811101cb272209a6921c57f9eb5945,990,648
6,392-6.jpeg,"{""0"": 0.07, ""16"": 0.93}",cdf74d3177e4310a6220a865210f5a59,2148,648
7,393-7.jpeg,"{""28"": 0.001, ""29"": 0.035, ""21"": 0.038, ""20"": 0.003, ""5"": 0.493, ""13"": 0.43}",95c0913a5a6d3432f58339f0890e0e22,2342,648
8,394-8.jpeg,"{""15"": 0.005, ""31"": 0.056, ""30"": 0.939}",5f5fd52f30a1899fcc03daab8723520b,2535,648
3,398-3.jpeg,"{""16"": 0.485, ""0"": 0.515}",257675f9e7877e6e118f11981ee0529b,1376,648
4,400-4.jpeg,"{""10"": 0.166, ""8"": 0.337, ""2"": 0.153, ""0"": 0.344}",b227f1407b2262e1ecc5ab60de0c49af,1472,648
2,401-2.jpeg,"{""8"": 0.51, ""0"": 0.49}",ccd935fc9f439792cf23cf3439ac803a,1086,648
1,403-1.jpeg,"{""0"": 0.497, ""8"": 0.503}",072cddc5587ebf5ddc332ce86b653877,893,648
5,404-5.jpeg,"{""10"": 0.087, ""2"": 0.077, ""0"": 0.191, ""3"": 0.084, ""11"": 0.085, ""1"": 0.169, ""8"": 0.145, ""9"": 0.162}",6b334b0824effe3a8f4c31190041d60e,1666,648
7,408-7.jpeg,"{""3"": 0.075, ""1"": 0.178, ""19"": 0.089, ""18"": 0.07, ""2"": 0.084, ""0"": 0.179, ""9"": 0.156, ""8"": 0.169}",61862e24a9f6ab11e05be5761c452c11,1955,648
1,410-1.jpeg,"{""0"": 1.0}",05ed2df7f89fce9e0d63f039aa20b989,893,648
8,412-8.jpeg,"{""4"": 0.149, ""0"": 0.251, ""12"": 0.235, ""8"": 0.365}",ad3d9a2d5f09eec4173418ffc36cd548,2535,648
2,413-2.jpeg,"{""0"": 0.559, ""1"": 0.441}",2ef5d5459f05bfa679552959e8e723db,1086,648
4,414-4.jpeg,"{""0"": 0.429, ""8"": 0.571}",ae2a1158277dbd825773b833763a33a2,1569,648
3,416-3.jpeg,"{""1"": 0.584, ""0"": 0.416}",488e1a431b5655e8bb6891240145f46a,1376,648
7,417-7.jpeg,"{""4"": 0.236, ""0"": 0.163, ""8"": 0.242, ""12"": 0.359}",74862cfdac8ea14d0fe88c91b8a0217a,2342,648
9,418-9.jpeg,"{""6"": 0.075, ""14"": 0.11, ""4"": 0.071, ""12"": 0.115, ""8"": 0.368, ""0"": 0.261}",8a912fe2e3dcac5b8b410aeeabd4a374,2631,1324
5,419-5.jpeg,"{""0"": 0.385, ""8"": 0.615}",0b6b4e7c5c7f11cce127f4bacf145047,1762,648
6,420-6.jpeg,"{""6"": 0.016, ""3"": 0.003, ""7"": 0.005, ""2"": 0.011, ""19"": 0.003, ""22"": 0.017, ""31"": 0.12, ""4"": 0.022, ""29"": 0.113, ""11"": 0.089, ""20"": 0.026, ""25"": 0.077, ""16"": 0.014, ""27"": 0.067, ""13"": 0.141, ""15"": 0.144, ""23"": 0.009, ""18"": 0.011, ""21"": 0.006, ""1"": 0.008, ""5"": 0.004, ""17"": 0.005, ""9"": 0.077, ""0"": 0.012}",12d97c40df0358ccdf88f693c14a5152,2052,648
8,421-8.jpeg,"{""10"": 0.002, ""2"": 0.002, ""16"": 0.019, ""27"": 0.133, ""31"": 0.015, ""24"": 0.03, ""13"": 0.006, ""0"": 0.002, ""25"": 0.098, ""11"": 0.006, ""29"": 0.219, ""7"": 0.09, ""3"": 0.005, ""22"": 0.003, ""15"": 0.099, ""28"": 0.039, ""21"": 0.014, ""6"": 0.067, ""1"": 0.003, ""20"": 0.027, ""23"": 0.009, ""18"": 0.014, ""4"": 0.01, ""26"": 0.026, ""9"": 0.011, ""5"": 0.004, ""17"": 0.005, ""14"": 0.031, ""30"": 0.003, ""8"": 0.002, ""12"": 0.002, ""19"": 0.004}",66cf684429333c590cf26c562a5466d9,2438,648
5,422-5.jpeg,"{""3"": 0.003, ""16"": 0.089, ""4"": 0.17, ""20"": 0.128, ""22"": 0.143, ""2"": 0.089, ""0"": 0.092, ""21"": 0.005, ""1"": 0.006, ""23"": 0.003, ""18"": 0.088, ""6"": 0.167, ""19"": 0.003, ""5"": 0.011, ""17"": 0.003}",e18f81af55ccbafe735e15f565dc8152,1762,648
3,424-3.jpeg,"{""21"": 0.007, ""17"": 0.012, ""19"": 0.007, ""4"": 0.308, ""6"": 0.314, ""23"": 0.012, ""2"": 0.168, ""0"": 0.172}",572c44060a9ee27904d821d920e4ebe1,1472,648
4,425-4.jpeg,"{""21"": 0.015, ""17"": 0.006, ""19"": 0.012, ""23"": 0.014, ""0"": 0.162, ""2"": 0.19, ""6"": 0.306, ""4"": 0.295}",f4a8a7b4218c19b18084c4a73ad6d122,1666,648
9,427-9.jpeg,"{""3"": 0.004, ""30"": 0.001, ""14"": 0.029, ""26"": 0.034, ""17"": 0.006, ""5"": 0.01, ""9"": 0.011, ""24"": 0.028, ""21"": 0.009, ""28"": 0.043, ""18"": 0.015, ""23"": 0.007, ""20"": 0.033, ""7"": 0.079, ""1"": 0.002, ""6"": 0.057, ""13"": 0.193, ""16"": 0.02, ""31"": 0.106, ""27"": 0.142, ""0"": 0.005, ""25"": 0.125, ""2"": 0.005, ""15"": 0.008, ""4"": 0.005, ""10"": 0.003, ""11"": 0.002, ""19"": 0.004, ""29"": 0.008, ""22"": 0.003, ""8"": 0.001, ""12"": 0.002}",b6c4f38b6c9b6eed95ecd5274c50a74e,2631,648
2,429-2.jpeg,"{""17"": 0.02, ""6"": 0.594, ""23"": 0.026, ""0"": 0.36}",f89e6673798d18337cbdf741775c1442,1279,648
8,430-8.jpeg,"{""2"": 0.004, ""4"": 0.182, ""16"": 0.02, ""26"": 0.001, ""5"": 0.425, ""17"": 0.042, ""14"": 0.013, ""13"": 0.033, ""8"": 0.002, ""6"": 0.219, ""25"": 0.01, ""12"": 0.009, ""24"": 0.001, ""7"": 0.001, ""3"": 0.017, ""1"": 0.003, ""18"": 0.018}",c74b0be1a0aef1015a8c760ae43c27c5,2631,1324
9,431-9.jpeg,"{""11"": 0.001, ""2"": 0.003, ""5"": 0.416, ""17"": 0.041, ""14"": 0.011, ""6"": 0.234, ""13"": 0.029, ""4"": 0.182, ""16"": 0.019, ""1"": 0.005, ""18"": 0.022, ""7"": 0.003, ""3"": 0.016, ""12"": 0.013, ""25"": 0.003, ""24"": 0.002}",8cf4606619935c11400ed744eac25a2c,2631,1324
6,432-6.jpeg,"{""0"": 0.002, ""6"": 0.015, ""1"": 0.021, ""4"": 0.135, ""5"": 0.115, ""3"": 0.003, ""7"": 0.709}",2feeaf4e4f872f94712fdb41881cd906,2342,648
4,433-4.jpeg,"{""0"": 0.004, ""1"": 0.016, ""4"": 0.141, ""7"": 0.839}",07199aa68c3133d3e4cb2ffccd9d384d,1666,648
2,435-2.jpeg,"{""0"": 0.006, ""1"": 0.022, ""5"": 0.819, ""4"": 0.153}",3a65b02a05c4babe37e86c4d5d78285c,1279,648
5,438-5.jpeg,"{""0"": 0.001, ""2"": 0.003, ""1"": 0.011, ""5"": 0.371, ""6"": 0.079, ""4"": 0.068, ""3"": 0.012, ""7"": 0.455}",3c81082d0713d2c397368716da81a10e,2052,648
7,440-7.jpeg,"{""23"": 0.002, ""0"": 0.009, ""31"": 0.026, ""6"": 0.195, ""14"": 0.004, ""17"": 0.034, ""27"": 0.003, ""25"": 0.727}",efe638f67dee4752903955db66166a56,2342,648
8,441-8.jpeg,"{""20"": 0.001, ""6"": 0.001, ""10"": 0.013, ""3"": 0.258, ""29"": 0.018, ""11"": 0.005, ""13"": 0.039, ""1"": 0.003, ""21"": 0.018, ""18"": 0.103, ""28"": 0.089, ""12"": 0.062, ""19"": 0.268, ""26"": 0.001, ""5"": 0.007, ""17"": 0.004, ""2"": 0.081, ""16"": 0.001, ""27"": 0.021, ""4"": 0.007}",5858e799168967e3845b6ab1e27ab6cf,2535,648
6,442-6.jpeg,"{""16"": 0.001, ""6"": 0.002, ""8"": 0.007, ""21"": 0.006, ""23"": 0.032, ""14"": 0.206, ""17"": 0.746}",9d5e6421d0b71e62d53bc0e5529c9701,2245,648
2,443-2.jpeg,"{""2"": 0.011, ""10"": 0.989}",717b28c125d7fcccf6d7a767239afa11,1183,648
4,444-4.jpeg,"{""18"": 0.005, ""8"": 0.187, ""26"": 0.808}",cd1dceb800ccb642186dcd20e835f26c,1762,648
5,445-5.jpeg,"{""19"": 0.005, ""8"": 0.19, ""0"": 0.003, ""23"": 0.802}",e7c051ab8fe258741cd27ecd2b1c2c67,2052,648
3,448-3.jpeg,"{""18"": 0.001, ""26"": 0.999}",7c10757948c7e3b9e2e6a0eeab4b38cd,1472,648
7,450-7.jpeg,"{""0"": 1.0}",c00d32a9b911b7b9956169e898014061,2245,648
8,451-8.jpeg,"{""0"": 1.0}",8e82e06fdee6df1cb6a4b89247b9149c,2438,648
5,452-5.jpeg,"{""0"": 1.0}",5049f1658da74304269215d6761483b0,1859,648
2,454-2.jpeg,"{""0"": 1.0}",5d2192e1abc03464ebae07c33574fd87,1279,648
9,456-9.jpeg,"{""0"": 0.473, ""1"": 0.527}",2c6de570321b1aba4cbc29b6ba5681cb,2535,648
4,457-4.jpeg,"{""0"": 1.0}",de35f35ec51e4cb68c88975f556d9256,1666,648
4,460-4.jpeg,"{""0"": 0.331, ""9"": 0.669}",6cf7873bfed9b8be8c66fa4065d45c66,1666,648
1,462-1.jpeg,"{""0"": 1.0}",9f12dfe2a369aa283dde14fa31dca9f1,1183,648
3,463-3.jpeg,"{""0"": 1.0}",f22d9c2d21bb40369e82b915235fd5c4,1376,648
9,465-9.jpeg,"{""9"": 0.177, ""8"": 0.15, ""23"": 0.136, ""14"": 0.205, ""22"": 0.164, ""15"": 0.168}",9532f2c86ca83e903cf08a5de970dfc5,2631,1324
6,467-6.jpeg,"{""19"": 0.32, ""20"": 0.188, ""16"": 0.166, ""23"": 0.326}",4172b3585c7b92c857f72aa64075818d,2052,648
2,469-2.jpeg,"{""0"": 1.0}",7d3bd973f8ee6f137df73c85b74b48ed,1279,648
1,470-1.jpeg,"{""0"": 1.0}",7edcab3c969198dac5716f7e44b489e0,1086,648
6,471-6.jpeg,"{""15"": 0.016, ""22"": 0.266, ""31"": 0.027, ""4"": 0.156, ""29"": 0.039, ""20"": 0.291, ""13"": 0.017, ""6"": 0.188}",43a1d51995a86e52c8d3583f549b7f65,2148,648
4,472-4.jpeg,"{""10"": 0.313, ""26"": 0.687}",ed58aca18ae983c0268f571ea3130786,1762,648
2,475-2.jpeg,"{""2"": 1.0}",ae06d33716688062fb98fe5e68190248,1279,648
3,477-3.jpeg,"{""10"": 1.0}",7db8116fea374f384c76352a36d52a50,1472,648
9,478-9.jpeg,"{""1"": 0.023, ""19"": 0.012, ""17"": 0.003, ""3"": 0.024, ""11"": 0.018, ""2"": 0.016, ""0"": 0.015, ""9"": 0.019, ""8"": 0.423, ""25"": 0.006, ""27"": 0.01, ""10"": 0.431}",8465fe35f0aa9d3cede86b2836f44665,2631,1324
9,480-9.jpeg,"{""4"": 0.028, ""0"": 0.001, ""2"": 0.019, ""6"": 0.446, ""3"": 0.022, ""7"": 0.452, ""5"": 0.032}",f91c2e47d52f797fa824273047d9d4b9,2631,648
7,482-7.jpeg,"{""4"": 0.034, ""6"": 0.463, ""5"": 0.035, ""2"": 0.014, ""0"": 0.004, ""3"": 0.02, ""7"": 0.43}",21e70769743eff255023c613314993df,2342,648
6,483-6.jpeg,"{""1"": 0.001, ""0"": 0.001, ""2"": 0.027, ""4"": 0.032, ""3"": 0.03, ""7"": 0.436, ""6"": 0.439, ""5"": 0.034}",ddfced7a959cee20d78d5d1e79b113bb,2245,648
5,485-5.jpeg,"{""0"": 0.004, ""2"": 0.049, ""4"": 0.053, ""6"": 0.894}",85c9fccadae41f1cde9f62c72f6bd8d3,2052,648
4,486-4.jpeg,"{""2"": 0.007, ""0"": 0.061, ""4"": 0.867, ""6"": 0.065}",b2a54448782ae52ad75a399a155a0df8,1762,648
2,487-2.jpeg,"{""2"": 0.076, ""0"": 0.924}",b0fd71b62b53513d546194e9c04133c3,1376,648
8,488-8.jpeg,"{""0"": 0.002, ""2"": 0.03, ""4"": 0.024, ""5"": 0.023, ""6"": 0.448, ""3"": 0.02, ""7"": 0.453}",ecdafc6f72bee9fff804a0e32d725d0a,2535,648
3,489-3.jpeg,"{""6"": 0.084, ""2"": 0.005, ""0"": 0.046, ""4"": 0.865}",aef9c12631371e0d0cbe52f7c76a6f8f,1569,648
1,490-1.jpeg,"{""0"": 0.514, ""4"": 0.486}",0784aff11d0778949a5af3e8148a6fd7,1086,648
2,491-2.jpeg,"{""26"": 0.002, ""30"": 0.003, ""12"": 0.011, ""8"": 0.011, ""18"": 0.097, ""0"": 0.359, ""22"": 0.111, ""4"": 0.406}",9b09f36fc6f6acf305d6608fd1f801a4,1279,648
5,492-5.jpeg,"{""16"": 0.002, ""29"": 0.003, ""31"": 0.001, ""24"": 0.003, ""11"": 0.021, ""2"": 0.032, ""25"": 0.002, ""10"": 0.02, ""0"": 0.111, ""12"": 0.123, ""13"": 0.091, ""8"": 0.143, ""6"": 0.023, ""26"": 0.002, ""9"": 0.092, ""5"": 0.065, ""14"": 0.022, ""3"": 0.018, ""7"": 0.035, ""15"": 0.036, ""21"": 0.001, ""23"": 0.001, ""1"": 0.061, ""28"": 0.002, ""4"": 0.09}",8ae7e2ff3afdfd0ecb2008b8effa9d1a,1762,648
7,493-7.jpeg,"{""4"": 0.002, ""20"": 0.001, ""12"": 0.003, ""13"": 0.002, ""14"": 0.001, ""31"": 0.004, ""24"": 0.093, ""0"": 0.097, ""2"": 0.023, ""8"": 0.069, ""21"": 0.001, ""23"": 0.004, ""1"": 0.058, ""18"": 0.052, ""19"": 0.101, ""10"": 0.077, ""25"": 0.131, ""11"": 0.06, ""3"": 0.016, ""27"": 0.003, ""16"": 0.069, ""5"": 0.006, ""17"": 0.016, ""9"": 0.055, ""26"": 0.056}",ae3570626c5c50792a260cad2cdee4a4,2342,648
8,495-8.jpeg,"{""25"": 0.001, ""15"": 0.003, ""16"": 0.007, ""27"": 0.003, ""30"": 0.005, ""19"": 0.149, ""24"": 0.119, ""0"": 0.14, ""2"": 0.041, ""8"": 0.042, ""17"": 0.055, ""26"": 0.118, ""9"": 0.026, ""21"": 0.001, ""28"": 0.001, ""23"": 0.006, ""18"": 0.017, ""1"": 0.013, ""10"": 0.091, ""11"": 0.114, ""7"": 0.002, ""3"": 0.041, ""4"": 0.005}",ea8ea3f0caf408f1cb9d53cda21a9f48,2631,648
6,498-6.jpeg,"{""19"": 0.001, ""20"": 0.001, ""30"": 0.001, ""24"": 0.001, ""25"": 0.001, ""29"": 0.005, ""16"": 0.002, ""14"": 0.013, ""10"": 0.023, ""11"": 0.026, ""3"": 0.026, ""7"": 0.04, ""12"": 0.127, ""4"": 0.078, ""0"": 0.091, ""2"": 0.038, ""8"": 0.124, ""6"": 0.024, ""13"": 0.092, ""17"": 0.002, ""9"": 0.101, ""5"": 0.069, ""15"": 0.028, ""23"": 0.001, ""21"": 0.003, ""18"": 0.002, ""1"": 0.078, ""28"": 0.002}",0fa9402ce0f5ce6e1e8c47d795ec574e,1955,648
2,500-2.jpeg,"{""11"": 0.494, ""10"": 0.506}",5f1b77c3b513ba364db322f110fcb1f5,1086,648
7,501-7.jpeg,"{""19"": 0.001, ""16"": 0.001, ""26"": 0.008, ""10"": 0.012, ""27"": 0.446, ""11"": 0.532}",e8bb4526092db66cde8d35664a840a6f,2148,648
4,503-4.jpeg,"{""27"": 1.0}",9f0573cde511a9563ca131bca6dc92d8,1472,648
6,504-6.jpeg,"{""26"": 0.005, ""10"": 0.01, ""27"": 0.42, ""11"": 0.565}",4945de4e2615bb746fc5b0a33f17c014,1955,648
5,507-5.jpeg,"{""3"": 0.003, ""26"": 0.015, ""27"": 0.982}",007afe64536c99b65179e029aac4bc09,1666,648
1,508-1.jpeg,"{""10"": 1.0}",a992b5d032bbdaac78347b9c2774155e,990,648
9,509-9.jpeg,"{""30"": 0.01, ""31"": 0.204, ""10"": 0.006, ""27"": 0.208, ""11"": 0.572}",17355f5616f818f17ca21971825d3bee,2535,648
9,510-9.jpeg,"{""22"": 0.002, ""27"": 0.006, ""18"": 0.066, ""23"": 0.072, ""31"": 0.137, ""16"": 0.09, ""24"": 0.186, ""20"": 0.004, ""21"": 0.096, ""29"": 0.191, ""26"": 0.15}",49d399b21ed4d9d0d884a2def5c4ba0b,2631,1324
1,511-1.jpeg,"{""0"": 1.0}",ff1411ee4a00e1522a24f58993947c55,990,648
5,512-5.jpeg,"{""9"": 0.002, ""8"": 0.555, ""0"": 0.443}",5f4c1a933551fae776f3f04451ffa0f7,1666,648
8,514-8.jpeg,"{""23"": 0.086, ""18"": 0.083, ""24"": 0.152, ""29"": 0.179, ""21"": 0.091, ""31"": 0.137, ""16"": 0.119, ""26"": 0.153}",d663c03646511296ae72d4a9d07f1091,2438,648
4,515-4.jpeg,"{""1"": 0.003, ""9"": 0.003, ""8"": 0.503, ""0"": 0.491}",dec65e9e060639e066156cf63884eaf5,1472,648
6,516-6.jpeg,"{""26"": 0.031, ""25"": 0.05, ""27"": 0.048, ""16"": 0.222, ""18"": 0.17, ""24"": 0.046, ""19"": 0.188, ""17"": 0.245}",59549cd83b0239930229b16325bee672,1859,648
7,518-7.jpeg,"{""25"": 0.045, ""27"": 0.04, ""24"": 0.047, ""16"": 0.225, ""26"": 0.044, ""17"": 0.214, ""19"": 0.196, ""18"": 0.189}",4df73bafd1dd9f527ad3c029062cacee,2148,648
2,519-2.jpeg,"{""4"": 1.0}",3133f1b0d9ae5a580883a1f5961a2d8f,1183,648
6,520-6.jpeg,"{""0"": 0.066, ""2"": 0.053, ""6"": 0.061, ""5"": 0.179, ""4"": 0.076, ""3"": 0.192, ""7"": 0.195, ""1"": 0.178}",21f4be3a7ae8975a48ad8f07aaebde77,2052,648
3,521-3.jpeg,"{""6"": 1.0}",82d184d0b0af5613818ad6b79212a596,1569,648
7,522-7.jpeg,"{""4"": 0.053, ""6"": 0.06, ""5"": 0.184, ""0"": 0.057, ""2"": 0.073, ""7"": 0.199, ""3"": 0.185, ""1"": 0.189}",fd7547b929747b466d5b72aa7cd275f3,2148,648
9,523-9.jpeg,"{""4"": 0.051, ""2"": 0.072, ""0"": 0.063, ""3"": 0.181, ""7"": 0.177, ""6"": 0.062, ""5"": 0.181, ""1"": 0.213}",915ca586bf4ea6db94c3d92df654e849,2342,648
1,526-1.jpeg,"{""2"": 1.0}",3205103877cbeeff17a30915285bfa38,1086,648
2,528-2.jpeg,"{""2"": 1.0}",26291188ae402d51df7c2c7772fcae87,1279,648
8,529-8.jpeg,"{""4"": 0.056, ""6"": 0.061, ""3"": 0.196, ""7"": 0.188, ""5"": 0.202, ""1"": 0.166, ""0"": 0.054, ""2"": 0.077}",b4c724cc0c7eba31937527483a6a482c,2245,648
6,530-6.jpeg,"{""17"": 0.003, ""0"": 0.231, ""20"": 0.053, ""6"": 0.2, ""1"": 0.002, ""22"": 0.176, ""4"": 0.059, ""16"": 0.276}",056f6acbf6ca8a1f610244fa9236b54f,2052,648
2,531-2.jpeg,"{""0"": 0.258, ""20"": 0.249, ""4"": 0.249, ""16"": 0.244}",df5b5d406512666e2c9a3d0c591a259e,1086,648
9,532-9.jpeg,"{""4"": 0.099, ""6"": 0.027, ""28"": 0.1, ""22"": 0.037, ""5"": 0.086, ""19"": 0.141, ""23"": 0.022, ""2"": 0.115, ""7"": 0.034, ""29"": 0.095, ""3"": 0.129, ""18"": 0.115}",9535a76777fb83d24272b3a17b933cb5,2535,648
8,533-8.jpeg,"{""6"": 0.025, ""7"": 0.029, ""3"": 0.113, ""29"": 0.084, ""2"": 0.106, ""23"": 0.047, ""18"": 0.132, ""28"": 0.115, ""22"": 0.033, ""4"": 0.092, ""5"": 0.096, ""19"": 0.128}",f0cc185f8a2dfa614bee6b53b3bd4450,2438,648
1,534-1.jpeg,"{""16"": 0.498, ""0"": 0.502}",6839f7c87eafaa22e00a12bfc4bbcf20,893,648
3,535-3.jpeg,"{""20"": 0.248, ""0"": 0.273, ""4"": 0.231, ""16"": 0.248}",973616b89bd32fa7e6316ffb35bfbd3c,1279,648
8,540-8.jpeg,"{""0"": 0.501, ""9"": 0.015, ""8"": 0.011, ""1"": 0.473}",8340851d7f01a46ad5f982a91ebf8ca0,2245,648
4,541-4.jpeg,"{""8"": 0.025, ""0"": 0.975}",51182c8a804df11fd366437ceea7aa67,1666,648
7,544-7.jpeg,"{""8"": 0.018, ""0"": 0.982}",793ba3362bc97a230e9c2cb4d57ad596,2052,648
2,546-2.jpeg,"{""0"": 1.0}",e6daf03381e77b61ccbb25c1c23e961d,1279,648
5,547-5.jpeg,"{""8"": 0.026, ""0"": 0.974}",4e76e6585d2d87a8fab386d238abf582,1859,648
6,549-6.jpeg,"{""8"": 0.036, ""0"": 0.964}",db78932244a4b07f54edfbaa713dde0d,1955,648
7,550-7.jpeg,"{""4"": 0.505, ""20"": 0.096, ""6"": 0.399}",7d2fcf4b39748d953058543684ec11f3,2342,648
1,551-1.jpeg,"{""4"": 1.0}",6d2079c386c430c0343d316dc8c777fe,1086,648
2,552-2.jpeg,"{""8"": 1.0}",82c861e88baa2a0e6d9fa3cd13de45f0,1376,648
6,553-6.jpeg,"{""10"": 0.508, ""8"": 0.492}",08225eaaeb54976e5ce2f015c5e7886e,2052,648
5,554-5.jpeg,"{""8"": 0.487, ""10"": 0.513}",65ec9ae5681937b99ebf819c07ac5136,1955,648
4,558-4.jpeg,"{""0"": 0.001, ""8"": 0.484, ""10"": 0.515}",380b754e5af5a43270a8f69ebd3040ff,1762,648
7,560-7.jpeg,"{""31"": 0.002, ""30"": 0.001, ""27"": 0.002, ""24"": 0.995}",50df68bcec59f788a3b5b097ac9d8b86,2245,648
6,562-6.jpeg,"{""27"": 0.002, ""26"": 0.001, ""24"": 0.997}",cbffb8e31cf18c67d502b52d0e336ff9,2148,648
1,563-1.jpeg,"{""0"": 1.0}",cba046b76e7029ed20d0bbcd916622b3,1086,648
2,564-2.jpeg,"{""8"": 0.009, ""0"": 0.991}",3d96d5f12c2dc949fa53333d0734b24b,1279,648
4,565-4.jpeg,"{""26"": 0.01, ""24"": 0.99}",0ae61fb4b21ea9b04970d7c3e18bc208,1569,648
9,566-9.jpeg,"{""8"": 0.001, ""13"": 0.001, ""18"": 0.186, ""19"": 0.812}",46c937e296442f09d5ecb14106706a87,2631,648
5,569-5.jpeg,"{""26"": 0.002, ""24"": 0.998}",d4bf98ce27fe155d2b9a1f1d5bf3c43e,2052,648
2,570-2.jpeg,"{""0"": 0.498, ""16"": 0.502}",243b7a9ff036cf60adb2579c47a2c81b,1183,648
7,571-7.jpeg,"{""13"": 0.002, ""24"": 0.005, ""30"": 0.004, ""18"": 0.021, ""21"": 0.008, ""16"": 0.03, ""31"": 0.001, ""27"": 0.028, ""10"": 0.071, ""17"": 0.178, ""9"": 0.064, ""5"": 0.003, ""26"": 0.003, ""19"": 0.189, ""1"": 0.055, ""6"": 0.001, ""3"": 0.053, ""7"": 0.003, ""11"": 0.056, ""2"": 0.058, ""0"": 0.071, ""25"": 0.019, ""15"": 0.002, ""22"": 0.001, ""4"": 0.004, ""14"": 0.001, ""23"": 0.006, ""20"": 0.002, ""8"": 0.06, ""12"": 0.001}",f506e1d02146c8f685d10210499cd6d8,2342,648
8,572-8.jpeg,"{""14"": 0.001, ""13"": 0.004, ""10"": 0.082, ""9"": 0.05, ""17"": 0.19, ""26"": 0.003, ""5"": 0.005, ""24"": 0.004, ""18"": 0.026, ""1"": 0.044, ""21"": 0.006, ""2"": 0.077, ""19"": 0.167, ""16"": 0.035, ""31"": 0.001, ""27"": 0.022, ""4"": 0.006, ""11"": 0.042, ""0"": 0.075, ""25"": 0.025, ""3"": 0.049, ""7"": 0.003, ""8"": 0.062, ""12"": 0.005, ""30"": 0.002, ""15"": 0.002, ""22"": 0.002, ""29"": 0.002, ""23"": 0.004, ""20"": 0.004}",052f2a7727a1b1a89b17c539f602499f,2535,648
3,574-3.jpeg,"{""28"": 0.246, ""20"": 0.236, ""4"": 0.258, ""12"": 0.26}",fe2e2cf1e6fa4f465af5232e43e4e986,1279,648
4,575-4.jpeg,"{""5"": 0.026, ""13"": 0.02, ""12"": 0.232, ""4"": 0.22, ""28"": 0.049, ""21"": 0.047, ""29"": 0.006, ""20"": 0.4}",59c6f4b373435f07cba624c543216e27,1666,648
5,576-5.jpeg,"{""27"": 0.002, ""31"": 0.002, ""14"": 0.066, ""12"": 0.057, ""8"": 0.048, ""16"": 0.095, ""4"": 0.058, ""24"": 0.012, ""18"": 0.125, ""20"": 0.09, ""23"": 0.005, ""21"": 0.01, ""28"": 0.007, ""6"": 0.058, ""1"": 0.005, ""2"": 0.064, ""15"": 0.01, ""22"": 0.087, ""11"": 0.01, ""10"": 0.062, ""25"": 0.001, ""0"": 0.056, ""30"": 0.009, ""9"": 0.002, ""26"": 0.017, ""17"": 0.013, ""5"": 0.005, ""13"": 0.005, ""19"": 0.01, ""3"": 0.005, ""7"": 0.004}",8dc2e939527d4fa70f4610eb00a25f91,1955,648
7,580-7.jpeg,"{""0"": 0.002, ""16"": 0.003, ""24"": 0.013, ""1"": 0.042, ""17"": 0.033, ""8"": 0.016, ""9"": 0.442, ""25"": 0.449}",78dc826a10d2f8ed38c157406ac7d64a,1955,648
5,582-5.jpeg,"{""16"": 0.003, ""24"": 0.016, ""1"": 0.027, ""17"": 0.043, ""8"": 0.012, ""9"": 0.448, ""25"": 0.451}",f244e4ef8d692a6fbec277420902a119,1569,648
1,583-1.jpeg,"{""0"": 0.082, ""8"": 0.918}",9ac3b74c68eaf7c5e0492ec066620aa7,990,648
2,584-2.jpeg,"{""0"": 0.076, ""8"": 0.924}",9fb30db0f3af4bd6e4be28bc6900e589,1086,648
8,585-8.jpeg,"{""16"": 0.002, ""24"": 0.008, ""1"": 0.039, ""17"": 0.453, ""9"": 0.033, ""8"": 0.013, ""25"": 0.452}",6fc6baa521f7e9afe2843a610969d233,2148,648
4,586-4.jpeg,"{""16"": 0.039, ""0"": 0.032, ""8"": 0.47, ""24"": 0.459}",3cda1a3a46ebdaf2fa6916a860c8e9ee,1376,648
9,588-9.jpeg,"{""0"": 0.001, ""16"": 0.001, ""24"": 0.017, ""1"": 0.037, ""8"": 0.015, ""9"": 0.037, ""17"": 0.44, ""25"": 0.452}",0756785d1d4aea0b43ec1a03151790f3,2245,648
8,590-8.jpeg,"{""9"": 0.135, ""18"": 0.104, ""10"": 0.126, ""7"": 0.126, ""0"": 0.417, ""17"": 0.092}",5960277d41919a05d0354e76df6d13da,2535,648
5,591-5.jpeg,"{""18"": 0.247, ""3"": 0.207, ""17"": 0.1, ""0"": 0.446}",92b90954997437eb04374c3521617fc6,2052,648
6,592-6.jpeg,"{""0"": 0.446, ""18"": 0.259, ""3"": 0.11, ""17"": 0.185}",70c99aad5c9dd8379f69fcda591e396f,2148,648
3,593-3.jpeg,"{""16"": 0.367, ""0"": 0.633}",7f40da8eec564b73d3312afd3decf501,1762,648
1,594-1.jpeg,"{""0"": 1.0}",f95cc1a4a1a076d17d67f5b9ae162beb,1183,648
2,598-2.jpeg,"{""0"": 1.0}",c595351742c26a22483a3e38f5e5ec89,1569,648
3,600-3.jpeg,"{""17"": 0.019, ""22"": 0.003, ""1"": 0.022, ""20"": 0.002, ""3"": 0.034, ""2"": 0.207, ""0"": 0.199, ""18"": 0.244, ""27"": 0.023, ""4"": 0.006, ""16"": 0.241}",adf0335d83db4629c1f74f5331a7824b,1569,648
8,601-8.jpeg,"{""20"": 0.001, ""30"": 0.001, ""4"": 0.001, ""13"": 0.003, ""12"": 0.002, ""14"": 0.002, ""2"": 0.039, ""19"": 0.055, ""3"": 0.108, ""11"": 0.09, ""6"": 0.002, ""8"": 0.088, ""0"": 0.076, ""27"": 0.052, ""16"": 0.031, ""9"": 0.098, ""17"": 0.035, ""26"": 0.043, ""28"": 0.001, ""1"": 0.081, ""18"": 0.018, ""10"": 0.089, ""25"": 0.045, ""31"": 0.002, ""24"": 0.037}",2baf152ba0933a0676671efea24f5867,2245,648
1,602-1.jpeg,"{""2"": 1.0}",fff47777e59ecbc0ced798be18e57054,1086,648
6,603-6.jpeg,"{""14"": 0.004, ""20"": 0.001, ""15"": 0.002, ""12"": 0.001, ""22"": 0.001, ""19"": 0.004, ""4"": 0.001, ""27"": 0.013, ""16"": 0.055, ""10"": 0.065, ""25"": 0.024, ""6"": 0.004, ""8"": 0.144, ""17"": 0.011, ""26"": 0.074, ""9"": 0.049, ""2"": 0.167, ""0"": 0.116, ""31"": 0.001, ""24"": 0.067, ""1"": 0.012, ""18"": 0.058, ""3"": 0.015, ""11"": 0.11, ""29"": 0.001}",804238ae30b9da36b0ce4cf562ebbbba,2052,648
4,604-4.jpeg,"{""13"": 0.002, ""14"": 0.002, ""19"": 0.008, ""20"": 0.002, ""4"": 0.001, ""0"": 0.121, ""2"": 0.142, ""10"": 0.178, ""25"": 0.007, ""24"": 0.078, ""27"": 0.019, ""16"": 0.075, ""6"": 0.001, ""8"": 0.159, ""11"": 0.008, ""7"": 0.001, ""3"": 0.011, ""1"": 0.02, ""18"": 0.053, ""17"": 0.008, ""9"": 0.016, ""26"": 0.088}",c598f422256dadbd246e21727ee7dfe0,1666,648
5,608-5.jpeg,"{""14"": 0.002, ""25"": 0.003, ""19"": 0.005, ""12"": 0.003, ""11"": 0.005, ""2"": 0.133, ""0"": 0.151, ""10"": 0.174, ""24"": 0.064, ""28"": 0.001, ""18"": 0.069, ""1"": 0.01, ""17"": 0.005, ""9"": 0.017, ""26"": 0.081, ""27"": 0.012, ""16"": 0.072, ""7"": 0.001, ""3"": 0.016, ""8"": 0.174, ""6"": 0.002}",26c1e5e87cbf4664847750a75282f70f,1762,648
3,610-3.jpeg,"{""16"": 0.175, ""4"": 0.321, ""0"": 0.182, ""20"": 0.322}",a1a315ad8a55dd773f52c8d3f0b5a5ab,1376,648
5,611-5.jpeg,"{""4"": 0.009, ""18"": 0.011, ""22"": 0.504, ""0"": 0.476}",ee9e891d7f5e0c7ea3d1f76ed3a8e0a1,1955,648
1,613-1.jpeg,"{""0"": 1.0}",9a252169007146ec4dde4e5ffead37e5,990,648
4,614-4.jpeg,"{""4"": 0.011, ""18"": 0.018, ""0"": 0.496, ""22"": 0.475}",2ee15fc79e1fbb42d918eb98e86fb288,1762,648
9,615-9.jpeg,"{""18"": 0.01, ""26"": 0.01, ""4"": 0.007, ""31"": 0.051, ""22"": 0.115, ""15"": 0.06, ""12"": 0.008, ""8"": 0.238, ""30"": 0.132, ""23"": 0.118, ""0"": 0.251}",5feccda0d350da09a81ec4f6d0b1af91,2631,1324
8,616-8.jpeg,"{""26"": 0.009, ""4"": 0.003, ""31"": 0.134, ""18"": 0.009, ""22"": 0.116, ""12"": 0.003, ""8"": 0.261, ""0"": 0.22, ""23"": 0.12, ""30"": 0.125}",57f7ad9d2a28a39649acdb73fcc7b235,2535,648
6,618-6.jpeg,"{""4"": 0.004, ""26"": 0.009, ""18"": 0.01, ""0"": 0.222, ""30"": 0.261, ""12"": 0.006, ""8"": 0.253, ""22"": 0.235}",74e8caefdbf889423ff4c0df624dc6f7,2245,648
8,620-8.jpeg,"{""17"": 0.005, ""5"": 0.041, ""1"": 0.032, ""9"": 0.364, ""13"": 0.401, ""25"": 0.071, ""29"": 0.075, ""21"": 0.011}",1114bb7fe842dde546d2926d8e650552,2631,648
7,621-7.jpeg,"{""17"": 0.018, ""25"": 0.122, ""1"": 0.084, ""9"": 0.776}",fe4f3a98cb33599c06da3c67aaa4241d,2245,648
9,622-9.jpeg,"{""31"": 0.002, ""15"": 0.001, ""1"": 0.035, ""9"": 0.331, ""17"": 0.01, ""5"": 0.052, ""25"": 0.073, ""13"": 0.421, ""11"": 0.002, ""21"": 0.005, ""29"": 0.068}",311c137c92025b2c09b48d85c8c9153d,2631,1324
2,625-2.jpeg,"{""16"": 0.487, ""0"": 0.513}",75e766898e066f924d96f0e9ad248285,1183,648
3,629-3.jpeg,"{""0"": 0.509, ""16"": 0.491}",02e59d27e11929ad75f939a2e6d018cd,1472,648
2,630-2.jpeg,"{""16"": 1.0}",d8aced5b7473a5e46fb856646d0e5072,990,648
1,631-1.jpeg,"{""16"": 1.0}",8ebda385a354b7b0a184e8cb5465ac5c,893,648
8,633-8.jpeg,"{""25"": 0.014, ""16"": 0.014, ""28"": 0.396, ""29"": 0.576}",a50b322bbf3592b39bee73561d2ac61e,2148,648
5,634-5.jpeg,"{""16"": 0.015, ""24"": 0.016, ""28"": 0.57, ""21"": 0.399}",6d21be76e7bbb5466f25c310e059e36c,1762,648
4,635-4.jpeg,"{""24"": 0.007, ""16"": 0.012, ""21"": 0.392, ""29"": 0.589}",254b16fc7d453d11b1593bc9b3ebb95a,1569,648
3,636-3.jpeg,"{""16"": 0.006, ""24"": 0.01, ""30"": 0.504, ""22"": 0.48}",cbb3e39dc6c16b5839a587c21f76f519,1279,648
6,637-6.jpeg,"{""16"": 0.015, ""24"": 0.011, ""28"": 0.581, ""21"": 0.393}",f6950aad85414ac07db439ffe529174c,1859,648
7,639-7.jpeg,"{""16"": 0.023, ""24"": 0.019, ""21"": 0.417, ""28"": 0.541}",a4c91bec78c9e638a7600aee4e30d23d,1955,648
3,640-3.jpeg,"{""24"": 0.085, ""0"": 0.087, ""29"": 0.158, ""21"": 0.155, ""12"": 0.166, ""8"": 0.086, ""4"": 0.174, ""16"": 0.089}",383676667c5737d4716d111193bb707e,1279,648
1,641-1.jpeg,"{""12"": 0.339, ""8"": 0.145, ""4"": 0.335, ""0"": 0.181}",8f84ec015088dcf9743dc2a2d1da9b05,893,648
2,642-2.jpeg,"{""20"": 0.158, ""12"": 0.18, ""8"": 0.084, ""0"": 0.072, ""28"": 0.191, ""16"": 0.072, ""4"": 0.155, ""24"": 0.088}",9c1f100b045a0d7b4e630bae67cc8575,990,648
5,643-5.jpeg,"{""24"": 0.072, ""0"": 0.087, ""12"": 0.18, ""8"": 0.072, ""29"": 0.151, ""21"": 0.168, ""16"": 0.082, ""4"": 0.188}",6f76dbda75d106ea54f71bf66dc31f32,1666,648
9,644-9.jpeg,"{""22"": 0.092, ""16"": 0.055, ""4"": 0.168, ""8"": 0.064, ""21"": 0.043, ""20"": 0.083, ""11"": 0.091, ""10"": 0.077, ""27"": 0.086, ""25"": 0.094, ""23"": 0.034, ""0"": 0.07, ""18"": 0.043}",68c112a9b8ef57a978ebf1c838d371f7,2245,648
7,646-7.jpeg,"{""21"": 0.177, ""24"": 0.076, ""27"": 0.182, ""10"": 0.174, ""16"": 0.082, ""4"": 0.166, ""8"": 0.065, ""0"": 0.078}",8c7d73df3589d2b9721653d1740c5c5d,1955,648
8,647-8.jpeg,"{""22"": 0.08, ""8"": 0.065, ""23"": 0.083, ""0"": 0.072, ""11"": 0.084, ""20"": 0.083, ""16"": 0.072, ""4"": 0.192, ""10"": 0.089, ""25"": 0.18}",89f09c5241aa91caf4a35b9745d1cb3f,2052,648
8,650-8.jpeg,"{""0"": 0.005, ""8"": 0.007, ""24"": 0.481, ""16"": 0.507}",8b8d6ea7ffa32dcf5ab674864bfbc821,1955,648
7,651-7.jpeg,"{""8"": 0.006, ""0"": 0.007, ""24"": 0.481, ""16"": 0.506}",840a35980a01e2f8e3feab916d5acdff,1859,648
2,652-2.jpeg,"{""0"": 0.517, ""16"": 0.483}",3e96fadd0df37a7c382f6567021f37d4,1183,648
3,653-3.jpeg,"{""0"": 0.235, ""24"": 0.255, ""8"": 0.243, ""16"": 0.267}",4a427bb5e44b19dcf6d7d297aff325c8,1279,648
9,654-9.jpeg,"{""0"": 0.061, ""8"": 0.053, ""12"": 0.166, ""20"": 0.195, ""24"": 0.093, ""16"": 0.082, ""4"": 0.146, ""28"": 0.204}",6768534e3d853197268195afd34e49fb,2052,648
5,656-5.jpeg,"{""16"": 0.264, ""0"": 0.239, ""24"": 0.24, ""8"": 0.257}",bcc4f74925a09f4866dc2cd1f7ba51b7,1569,648
1,660-1.jpeg,"{""0"": 0.083, ""16"": 0.426, ""8"": 0.053, ""24"": 0.438}",52cf4f2d7ad1a5cac7347c8933a8da12,990,648
7,662-7.jpeg,"{""2"": 0.049, ""30"": 0.017, ""18"": 0.054, ""6"": 0.006, ""1"": 0.034, ""21"": 0.048, ""20"": 0.007, ""23"": 0.013, ""28"": 0.002, ""11"": 0.086, ""7"": 0.104, ""3"": 0.014, ""14"": 0.018, ""19"": 0.052, ""24"": 0.042, ""22"": 0.074, ""31"": 0.023, ""27"": 0.041, ""10"": 0.032, ""4"": 0.032, ""8"": 0.011, ""12"": 0.018, ""9"": 0.059, ""17"": 0.042, ""5"": 0.006, ""26"": 0.002, ""13"": 0.031, ""29"": 0.052, ""15"": 0.013, ""0"": 0.015, ""25"": 0.003}",b497495206f4fc45b4a0958171cd82bf,2148,648
5,663-5.jpeg,"{""13"": 0.005, ""21"": 0.003, ""26"": 0.009, ""24"": 0.057, ""17"": 0.062, ""5"": 0.009, ""9"": 0.01, ""30"": 0.009, ""18"": 0.014, ""28"": 0.05, ""22"": 0.006, ""31"": 0.05, ""27"": 0.058, ""16"": 0.007, ""25"": 0.071, ""0"": 0.051, ""1"": 0.052, ""6"": 0.035, ""8"": 0.036, ""12"": 0.05, ""7"": 0.056, ""3"": 0.012, ""29"": 0.054, ""15"": 0.005, ""2"": 0.052, ""4"": 0.059, ""10"": 0.009, ""11"": 0.012, ""14"": 0.008, ""19"": 0.01, ""23"": 0.068, ""20"": 0.011}",5424406e105d2271bd0fe530554d98ab,1666,648
8,665-8.jpeg,"{""24"": 0.001, ""30"": 0.001, ""17"": 0.001, ""26"": 0.067, ""9"": 0.01, ""5"": 0.018, ""22"": 0.036, ""7"": 0.009, ""3"": 0.041, ""11"": 0.042, ""21"": 0.017, ""18"": 0.031, ""28"": 0.054, ""6"": 0.014, ""1"": 0.02, ""23"": 0.015, ""20"": 0.043, ""19"": 0.04, ""14"": 0.109, ""10"": 0.074, ""25"": 0.04, ""0"": 0.032, ""16"": 0.035, ""8"": 0.082, ""12"": 0.025, ""29"": 0.001, ""2"": 0.038, ""27"": 0.029, ""31"": 0.051, ""4"": 0.004, ""13"": 0.015, ""15"": 0.005}",ede8860ebf2a4ad3431fc30b0dc575dc,2342,648
6,668-6.jpeg,"{""18"": 0.002, ""26"": 0.008, ""24"": 0.005, ""21"": 0.062, ""28"": 0.005, ""4"": 0.051, ""14"": 0.047, ""19"": 0.047, ""12"": 0.046, ""8"": 0.052, ""1"": 0.021, ""6"": 0.014, ""9"": 0.048, ""5"": 0.011, ""17"": 0.056, ""0"": 0.07, ""25"": 0.058, ""31"": 0.004, ""27"": 0.06, ""16"": 0.059, ""10"": 0.047, ""3"": 0.009, ""7"": 0.013, ""23"": 0.052, ""20"": 0.054, ""2"": 0.02, ""29"": 0.006, ""13"": 0.006, ""15"": 0.047, ""30"": 0.008, ""22"": 0.006, ""11"": 0.006}",c39809ac8e301fccd95f247b064ed525,1955,648
3,669-3.jpeg,"{""8"": 0.032, ""24"": 0.037, ""26"": 0.214, ""0"": 0.024, ""2"": 0.037, ""10"": 0.22, ""18"": 0.211, ""16"": 0.225}",9705374319295803f55e56f2e4293dea,1279,648
1,670-1.jpeg,"{""8"": 0.344, ""0"": 0.656}",a8f88846aeaf6b28ec9ba7d2906e2bf5,1086,648
5,671-5.jpeg,"{""11"": 0.006, ""3"": 0.03, ""27"": 0.025, ""16"": 0.127, ""19"": 0.139, ""24"": 0.091, ""0"": 0.029, ""2"": 0.015, ""26"": 0.045, ""17"": 0.253, ""9"": 0.017, ""8"": 0.028, ""18"": 0.063, ""1"": 0.069, ""25"": 0.056, ""10"": 0.007}",2387be46d4726896690d0c0320137643,1955,648
7,672-7.jpeg,"{""18"": 0.001, ""3"": 0.006, ""10"": 0.002, ""25"": 0.036, ""24"": 0.079, ""16"": 0.08, ""0"": 0.135, ""8"": 0.079, ""9"": 0.054, ""1"": 0.284, ""19"": 0.001, ""17"": 0.243}",f776c5b3f23478e202aa116ed36adffa,2342,648
2,673-2.jpeg,"{""4"": 0.209, ""12"": 0.129, ""8"": 0.238, ""0"": 0.424}",5d4a07fa5f7ab0ddd867809e4bf12aa4,1279,648
4,675-4.jpeg,"{""13"": 0.034, ""4"": 0.002, ""16"": 0.029, ""0"": 0.012, ""28"": 0.102, ""24"": 0.176, ""20"": 0.014, ""29"": 0.156, ""12"": 0.019, ""8"": 0.046, ""9"": 0.078, ""25"": 0.332}",b12d9a9e682a1870d652571b5ef71955,1762,648
3,678-3.jpeg,"{""0"": 0.003, ""8"": 0.003, ""12"": 0.002, ""28"": 0.108, ""20"": 0.216, ""24"": 0.232, ""4"": 0.009, ""16"": 0.427}",ddfa3bff3f063f1cc3f9c9affe13a42d,1472,648
8,680-8.jpeg,"{""0"": 0.001, ""14"": 0.002, ""13"": 0.001, ""22"": 0.002, ""3"": 0.002, ""8"": 0.002, ""6"": 0.002, ""31"": 0.001, ""25"": 0.004, ""20"": 0.161, ""11"": 0.003, ""29"": 0.088, ""28"": 0.006, ""18"": 0.188, ""21"": 0.025, ""12"": 0.139, ""4"": 0.055, ""10"": 0.135, ""16"": 0.003, ""27"": 0.099, ""2"": 0.046, ""19"": 0.021, ""5"": 0.004, ""26"": 0.01}",18404ee45e4dd991df9e285847e2f284,2631,1324
7,681-7.jpeg,"{""6"": 0.001, ""8"": 0.002, ""22"": 0.001, ""24"": 0.002, ""27"": 0.007, ""16"": 0.002, ""11"": 0.004, ""20"": 0.174, ""29"": 0.007, ""12"": 0.13, ""19"": 0.123, ""14"": 0.002, ""4"": 0.056, ""23"": 0.001, ""1"": 0.001, ""28"": 0.011, ""21"": 0.104, ""18"": 0.178, ""13"": 0.005, ""10"": 0.12, ""2"": 0.054, ""26"": 0.015}",9bd6d64e8c91e59f94bfe5e02b37f6df,2535,648
6,682-6.jpeg,"{""5"": 0.003, ""14"": 0.005, ""6"": 0.004, ""13"": 0.005, ""30"": 0.008, ""4"": 0.098, ""12"": 0.246, ""21"": 0.036, ""29"": 0.018, ""20"": 0.395, ""22"": 0.005, ""28"": 0.177}",7f2e35751e446931d62915153c03ce68,2342,648
2,683-2.jpeg,"{""16"": 0.054, ""0"": 0.101, ""17"": 0.278, ""1"": 0.567}",2f23247735afeb0e2dade1cdd68c62de,1279,648
3,684-3.jpeg,"{""16"": 0.057, ""0"": 0.127, ""17"": 0.244, ""1"": 0.572}",f5070322ec6d0bdf361cd9780b43a9ec,1472,648
4,685-4.jpeg,"{""15"": 0.034, ""4"": 0.045, ""6"": 0.017, ""13"": 0.069, ""7"": 0.096, ""12"": 0.388, ""5"": 0.172, ""14"": 0.179}",0f5158ab6bf8cc9d58730d899dd615aa,1762,648
9,686-9.jpeg,"{""15"": 0.001, ""13"": 0.001, ""30"": 0.005, ""3"": 0.002, ""25"": 0.044, ""31"": 0.006, ""24"": 0.004, ""0"": 0.034, ""29"": 0.018, ""10"": 0.064, ""12"": 0.099, ""6"": 0.018, ""8"": 0.06, ""20"": 0.123, ""28"": 0.01, ""23"": 0.037, ""18"": 0.109, ""21"": 0.055, ""27"": 0.037, ""16"": 0.081, ""4"": 0.028, ""9"": 0.002, ""26"": 0.007, ""17"": 0.016, ""5"": 0.003, ""14"": 0.043, ""19"": 0.009, ""2"": 0.02, ""22"": 0.064}",47ee4b029755b67e2c12e5747ba4fddc,2631,1324
1,687-1.jpeg,"{""0"": 0.187, ""1"": 0.813}",2cc7cbd0465410ce18539fd60dca6dcc,1086,648
2,690-2.jpeg,"{""4"": 0.037, ""5"": 0.173, ""0"": 0.125, ""1"": 0.665}",b38153c9230437491127f24f7eec46d6,1376,648
9,691-9.jpeg,"{""10"": 0.001, ""2"": 0.007, ""20"": 0.012, ""17"": 0.2, ""5"": 0.017, ""19"": 0.09, ""14"": 0.024, ""29"": 0.173, ""7"": 0.005, ""3"": 0.035, ""28"": 0.009, ""21"": 0.166, ""1"": 0.044, ""23"": 0.034, ""25"": 0.063, ""16"": 0.008, ""27"": 0.013, ""24"": 0.094, ""31"": 0.005}",92d81c307bd4b4d9e6b3ab754aa312cf,2631,1324
1,692-1.jpeg,"{""4"": 0.042, ""0"": 0.142, ""12"": 0.185, ""8"": 0.631}",7cc26152f1b29f32213b7143e13e019e,990,648
8,693-8.jpeg,"{""22"": 0.009, ""17"": 0.033, ""14"": 0.026, ""19"": 0.019, ""16"": 0.027, ""25"": 0.287, ""15"": 0.045, ""31"": 0.031, ""24"": 0.104, ""11"": 0.078, ""23"": 0.019, ""28"": 0.134, ""21"": 0.048, ""29"": 0.065, ""13"": 0.075}",0f548856fefce4815806fe5c79e885aa,2342,648
4,694-4.jpeg,"{""5"": 0.014, ""0"": 0.027, ""4"": 0.008, ""31"": 0.078, ""7"": 0.021, ""3"": 0.048, ""29"": 0.059, ""11"": 0.293, ""8"": 0.107, ""9"": 0.277, ""28"": 0.021, ""1"": 0.047}",30f914f0e5dcab8527fdc95195f4148f,1859,648
5,698-5.jpeg,"{""16"": 0.02, ""23"": 0.016, ""19"": 0.008, ""14"": 0.036, ""17"": 0.048, ""24"": 0.113, ""25"": 0.27, ""22"": 0.006, ""15"": 0.069, ""21"": 0.048, ""11"": 0.081, ""29"": 0.285}",5b533d34dbaf18c38731bf529f542593,1955,648
7,700-7.jpeg,"{""0"": 1.0}",1ce5b66cb4d625ae6fcebbb925c494d3,2245,648
9,703-9.jpeg,"{""0"": 1.0}",36eff64d65028b15ab6a7e31cfaeb048,2631,648
2,704-2.jpeg,"{""0"": 1.0}",9fb2d830fd5fa79a80432855c68e18b2,1183,648
5,705-5.jpeg,"{""0"": 1.0}",ae6c314f41f4c4e1eceda55b337a0b1c,1762,648
6,706-6.jpeg,"{""0"": 1.0}",37233a703bd997212090d8df2d3a1b46,2052,648
1,709-1.jpeg,"{""0"": 1.0}",0af5af64925f595b4ff61b90ff720965,990,648
7,710-7.jpeg,"{""16"": 0.002, ""19"": 0.001, ""3"": 0.25, ""0"": 0.483, ""23"": 0.264}",a831178ad8cd063d4879c40318e0620a,2342,648
3,711-3.jpeg,"{""16"": 0.002, ""0"": 0.998}",7515b7e49b7e64402586f71d6e756ecb,1666,648
6,712-6.jpeg,"{""16"": 0.003, ""3"": 0.247, ""7"": 0.241, ""23"": 0.001, ""0"": 0.508}",051aa9cb1ee7bce9f6fa3663ddf9508e,2245,648
1,714-1.jpeg,"{""0"": 1.0}",e77b00c39fd08dfdebaf5a6f0e6b580f,1279,648
2,715-2.jpeg,"{""16"": 0.004, ""0"": 0.996}",8234368725a21389bc687acf3f3481cc,1472,648
5,717-5.jpeg,"{""19"": 0.001, ""16"": 0.002, ""0"": 0.503, ""3"": 0.494}",b7d11f8d7d7bb036432fd53e85e16cdd,1955,648
4,720-4.jpeg,"{""13"": 0.096, ""9"": 0.303, ""5"": 0.448, ""1"": 0.153}",56ab1f901d1c22f124fba176a27c87c4,1859,648
2,721-2.jpeg,"{""0"": 0.394, ""8"": 0.606}",409b97acb7ad76f5b8d9730fc72e729b,1472,648
1,722-1.jpeg,"{""8"": 0.587, ""0"": 0.413}",c8d0729396f840f77f47f7ab86f84178,1086,648
6,727-6.jpeg,"{""27"": 0.003, ""31"": 0.002, ""9"": 0.199, ""15"": 0.002, ""1"": 0.293, ""13"": 0.188, ""19"": 0.002, ""5"": 0.11, ""29"": 0.201}",b58520e852f5b619242b6d16750839ae,2148,648
8,728-8.jpeg,"{""13"": 0.001, ""29"": 0.002, ""25"": 0.012, ""3"": 0.012, ""24"": 0.012, ""10"": 0.091, ""2"": 0.017, ""0"": 0.126, ""11"": 0.094, ""19"": 0.028, ""26"": 0.098, ""17"": 0.112, ""9"": 0.013, ""8"": 0.01, ""27"": 0.091, ""16"": 0.13, ""1"": 0.122, ""18"": 0.029}",84f406872af983641ceeae7119bc7c60,2631,648
3,729-3.jpeg,"{""4"": 0.107, ""12"": 0.146, ""8"": 0.448, ""0"": 0.299}",6a8f9b1f0d6ecf69cd22110d208a3330,1762,648
8,730-8.jpeg,"{""4"": 0.239, ""22"": 0.265, ""0"": 0.496}",a98830312e6423404709fc9c5640b3f0,2245,648
9,731-9.jpeg,"{""9"": 0.001, ""22"": 0.25, ""0"": 0.49, ""4"": 0.259}",c8c9aa29db8972c9e8615835f74e42d0,2342,648
6,732-6.jpeg,"{""4"": 0.254, ""0"": 0.512, ""6"": 0.234}",2cede785d46d9304045c6b3b924ea2fd,1762,648
4,734-4.jpeg,"{""4"": 0.246, ""0"": 0.48, ""6"": 0.274}",101adc741c285ac380aae9e7496baa9c,1472,648
7,735-7.jpeg,"{""4"": 0.233, ""0"": 0.501, ""22"": 0.266}",89d6ee06d82be0ab1dae881ae6dcfd3d,1955,648
2,736-2.jpeg,"{""0"": 0.506, ""4"": 0.494}",24f647a4658ad23cbfee66b559ed0181,1279,648
3,737-3.jpeg,"{""4"": 0.517, ""0"": 0.483}",132869900b1f3deefe151948a30feac0,1376,648
1,738-1.jpeg,"{""0"": 1.0}",17796089e8068602eeee2c2eed21d095,990,648
8,740-8.jpeg,"{""0"": 0.005, ""9"": 0.001, ""12"": 0.036, ""20"": 0.037, ""11"": 0.182, ""28"": 0.002, ""15"": 0.737}",b1f6ad31d70089a6ebb72cf236a1ddb6,2245,648
1,741-1.jpeg,"{""9"": 0.054, ""0"": 0.946}",56e1b10c54a600899fe6ce156a76944b,1086,648
7,742-7.jpeg,"{""28"": 0.002, ""12"": 0.03, ""0"": 0.004, ""20"": 0.027, ""11"": 0.937}",9f921da2365431cdf4a5d7eceac27ac8,2052,648
6,743-6.jpeg,"{""28"": 0.001, ""0"": 0.005, ""12"": 0.042, ""20"": 0.023, ""11"": 0.929}",f29c8091f54772ab2af5f7058e5784df,1859,648
4,745-4.jpeg,"{""0"": 0.004, ""28"": 0.043, ""9"": 0.001, ""12"": 0.033, ""5"": 0.919}",44579faa166de2b5b5d42c12bba65d1f,1666,648
2,746-2.jpeg,"{""9"": 0.029, ""11"": 0.032, ""0"": 0.939}",d5886fcf6771f95a4cd0b1a8328100f5,1279,648
4,750-4.jpeg,"{""0"": 0.702, ""16"": 0.298}",ae02386b60f0684d9f7f05937af44a3f,1376,648
1,751-1.jpeg,"{""0"": 1.0}",99c2824ad96c40eb42534106f124b388,990,648
5,752-5.jpeg,"{""0"": 0.514, ""16"": 0.486}",93790f90cdc836094acc091e37859238,1472,648
9,755-9.jpeg,"{""8"": 0.108, ""31"": 0.027, ""24"": 0.125, ""16"": 0.111, ""2"": 0.047, ""0"": 0.111, ""18"": 0.052, ""23"": 0.027, ""21"": 0.064, ""7"": 0.02, ""29"": 0.055, ""15"": 0.026, ""5"": 0.056, ""26"": 0.047, ""10"": 0.052, ""13"": 0.072}",c70ce4deb36ed6293fe3fe7c8f2e3b87,2148,648
1,760-1.jpeg,"{""0"": 1.0}",c465afc3a1d8bb752bb9b881505d3c7b,893,648
2,763-2.jpeg,"{""0"": 1.0}",2a0cbc73742373c119eefae8062ecbd6,1086,648
6,764-6.jpeg,"{""0"": 0.028, ""16"": 0.972}",ee2640af80d12b2cd9fb68f82eaabc2c,1666,648
4,765-4.jpeg,"{""0"": 0.019, ""16"": 0.981}",8a02bb57d0da4e6fcf7f099110f883b2,1376,648
7,766-7.jpeg,"{""0"": 0.023, ""24"": 0.366, ""16"": 0.611}",d1dbb5b261810c2131353a37432e2c58,1859,648
8,769-8.jpeg,"{""2"": 0.012, ""0"": 0.008, ""19"": 0.005, ""17"": 0.005, ""10"": 0.301, ""3"": 0.001, ""11"": 0.011, ""9"": 0.008, ""8"": 0.294, ""18"": 0.18, ""16"": 0.175}",64f6210a59a50f7ccad0c9eeb2473604,2052,648
6,770-6.jpeg,"{""0"": 1.0}",5d6fc06639e682e6691bbce8cdf3feae,1762,648
3,771-3.jpeg,"{""0"": 1.0}",4868e8a2b8aae9e48a9213d7b6f96e87,1376,648
7,773-7.jpeg,"{""0"": 1.0}",0c36944df489db9909c11ed1cdc12674,1859,648
4,774-4.jpeg,"{""0"": 1.0}",d10b2644554c7ea9529d2bfccbcddc8d,1472,648
8,775-8.jpeg,"{""9"": 0.168, ""0"": 0.161, ""16"": 0.284, ""25"": 0.387}",8658dc23a32f53669f4d715943baf56b,2052,648
5,776-5.jpeg,"{""0"": 1.0}",2fd4cb85b57de96a2dac92a15cc5e91c,1569,648
2,779-2.jpeg,"{""0"": 1.0}",2e4a5a4377d45859fcdb10d0e71b8d19,1279,648
5,780-5.jpeg,"{""16"": 0.001, ""24"": 0.009, ""20"": 0.017, ""26"": 0.104, ""30"": 0.375, ""28"": 0.017, ""22"": 0.371, ""18"": 0.106}",bea411a650a3671b3640b941392475ab,1569,648
3,781-3.jpeg,"{""4"": 0.127, ""12"": 0.127, ""8"": 0.343, ""0"": 0.403}",1a8f330e4cad90509e826b958dc967f3,1183,648
2,783-2.jpeg,"{""4"": 0.198, ""0"": 0.802}",cdafc5169e0e6cca940314332bf56e7c,1086,648
1,784-1.jpeg,"{""5"": 0.094, ""4"": 0.114, ""0"": 0.399, ""1"": 0.393}",0803bc2919e0651eb695496b4725045e,893,648
7,785-7.jpeg,"{""15"": 0.001, ""22"": 0.001, ""11"": 0.01, ""30"": 0.003, ""4"": 0.002, ""10"": 0.01, ""12"": 0.011, ""29"": 0.016, ""19"": 0.02, ""0"": 0.04, ""20"": 0.006, ""3"": 0.013, ""25"": 0.156, ""8"": 0.165, ""27"": 0.01, ""16"": 0.031, ""31"": 0.001, ""24"": 0.179, ""9"": 0.169, ""17"": 0.044, ""5"": 0.006, ""26"": 0.009, ""13"": 0.014, ""23"": 0.001, ""21"": 0.004, ""28"": 0.016, ""18"": 0.01, ""1"": 0.033, ""2"": 0.019}",54c41f580bbd163973840628b66870c2,1955,648
4,787-4.jpeg,"{""24"": 0.017, ""20"": 0.016, ""30"": 0.226, ""16"": 0.014, ""18"": 0.261, ""26"": 0.221, ""28"": 0.013, ""22"": 0.232}",b96f883d8d961457dac2daa173bde769,1376,648
9,789-9.jpeg,"{""8"": 0.001, ""29"": 0.006, ""19"": 0.04, ""27"": 0.31, ""25"": 0.085, ""11"": 0.262, ""3"": 0.038, ""7"": 0.002, ""21"": 0.002, ""23"": 0.006, ""1"": 0.051, ""15"": 0.018, ""17"": 0.053, ""5"": 0.008, ""9"": 0.079, ""13"": 0.008, ""31"": 0.031}",24f7dbec4236ab62407c34e137c8f7eb,2342,648
2,790-2.jpeg,"{""8"": 0.512, ""0"": 0.488}",008957cb78cae2b60edc8f6608c170dc,1183,648
8,791-8.jpeg,"{""0"": 0.049, ""8"": 0.078, ""20"": 0.285, ""28"": 0.588}",9275e8b1cbfc9575bed7517095aa68a0,2245,648
6,793-6.jpeg,"{""0"": 0.078, ""8"": 0.083, ""12"": 0.43, ""4"": 0.409}",397194af5b321f8599e22a2271ab354b,1762,648
9,796-9.jpeg,"{""0"": 0.052, ""8"": 0.084, ""20"": 0.336, ""28"": 0.528}",f44a8d9dc369edb02adf17bcb65ad0a5,2631,648
3,798-3.jpeg,"{""8"": 0.508, ""0"": 0.492}",c5d35222813942eafb9420d6404b4104,1376,648
4,800-4.jpeg,"{""4"": 0.038, ""0"": 0.031, ""2"": 0.442, ""6"": 0.489}",7d7ba69626e667d3f45d0c2f1537afe0,1859,648
7,801-7.jpeg,"{""4"": 0.033, ""0"": 0.051, ""2"": 0.465, ""6"": 0.451}",4e004716fa61874a1b2107643ae1daf4,2631,648
5,802-5.jpeg,"{""4"": 0.042, ""0"": 0.025, ""2"": 0.447, ""6"": 0.486}",576eec30f335b77dcfd3d0cafb42f082,2148,648
6,803-6.jpeg,"{""4"": 0.039, ""6"": 0.444, ""0"": 0.055, ""2"": 0.462}",65877d630b7c1c4272c5c9f813b37335,2438,648
9,804-9.jpeg,"{""30"": 0.002, ""22"": 0.008, ""14"": 0.01, ""18"": 0.046, ""10"": 0.045, ""26"": 0.04, ""2"": 0.027, ""0"": 0.199, ""6"": 0.007, ""20"": 0.219, ""4"": 0.221, ""16"": 0.176}",dcb5e39c561a2df87fed48818bd320a5,2631,1324
8,805-8.jpeg,"{""6"": 0.018, ""22"": 0.02, ""20"": 0.232, ""18"": 0.059, ""16"": 0.179, ""4"": 0.217, ""2"": 0.076, ""0"": 0.199}",382d6c099dba6b204f8c5b3de5569b65,2631,1324
1,806-1.jpeg,"{""0"": 1.0}",4ec02bc12fa9818f88536bcdad139516,893,648
2,807-2.jpeg,"{""0"": 1.0}",8b2cf4162d963f8bd04e7034ebc74481,1183,648
9,810-9.jpeg,"{""0"": 1.0}",e52cbacb68bbdc24e88a556314280266,2148,648
1,811-1.jpeg,"{""0"": 1.0}",61fc521335791029823e2ef821943ea7,990,648
8,812-8.jpeg,"{""0"": 1.0}",dc3ed2784e8585c03cc5f51217800bbb,1955,648
2,814-2.jpeg,"{""0"": 1.0}",b8075ad2d58f5d016cfd280443131c47,1183,648
7,815-7.jpeg,"{""0"": 1.0}",3f51c00f929e61609335a730604c8e26,1859,648
3,818-3.jpeg,"{""0"": 1.0}",3c36ea29b710de7be1c43b0158c46ca8,1376,648
6,820-6.jpeg,"{""29"": 0.002, ""15"": 0.031, ""3"": 0.012, ""7"": 0.003, ""13"": 0.015, ""4"": 0.014, ""20"": 0.004, ""2"": 0.016, ""14"": 0.134, ""6"": 0.017, ""8"": 0.083, ""12"": 0.076, ""31"": 0.016, ""24"": 0.047, ""16"": 0.004, ""27"": 0.109, ""25"": 0.067, ""10"": 0.105, ""1"": 0.012, ""18"": 0.007, ""28"": 0.058, ""22"": 0.005, ""0"": 0.013, ""30"": 0.06, ""9"": 0.012, ""26"": 0.05, ""11"": 0.028}",16ba5dfe206076c75ab6190c1e92cfea,2052,648
5,822-5.jpeg,"{""25"": 0.155, ""24"": 0.109, ""31"": 0.053, ""4"": 0.014, ""27"": 0.065, ""16"": 0.013, ""12"": 0.162, ""14"": 0.036, ""26"": 0.047, ""5"": 0.019, ""17"": 0.013, ""13"": 0.221, ""15"": 0.061, ""30"": 0.032}",73c7f67a1aaae6bf32460fa2795fe9ae,1859,648
9,824-9.jpeg,"{""5"": 0.001, ""3"": 0.003, ""13"": 0.002, ""30"": 0.08, ""26"": 0.053, ""9"": 0.005, ""17"": 0.02, ""24"": 0.039, ""11"": 0.027, ""21"": 0.036, ""18"": 0.021, ""28"": 0.026, ""29"": 0.043, ""31"": 0.029, ""27"": 0.074, ""16"": 0.07, ""15"": 0.023, ""14"": 0.07, ""19"": 0.043, ""1"": 0.01, ""6"": 0.022, ""8"": 0.063, ""12"": 0.114, ""7"": 0.004, ""10"": 0.012, ""4"": 0.027, ""2"": 0.002, ""23"": 0.004, ""20"": 0.019, ""0"": 0.015, ""25"": 0.04, ""22"": 0.003}",dd8b460ec5e30aeaddb34c796a20b9f0,2535,648
1,825-1.jpeg,"{""28"": 0.287, ""9"": 0.195, ""8"": 0.211, ""29"": 0.307}",985e34a5421a426199757058e881f9e7,1086,648
2,826-2.jpeg,"{""31"": 0.122, ""28"": 0.2, ""9"": 0.116, ""8"": 0.11, ""10"": 0.075, ""29"": 0.177, ""11"": 0.068, ""30"": 0.132}",4eb3ce25695686552be8aac68ac30f6c,1279,648
7,827-7.jpeg,"{""0"": 0.006, ""2"": 0.009, ""15"": 0.013, ""25"": 0.022, ""22"": 0.02, ""29"": 0.026, ""13"": 0.1, ""4"": 0.005, ""12"": 0.036, ""30"": 0.1, ""17"": 0.014, ""9"": 0.054, ""26"": 0.101, ""10"": 0.056, ""14"": 0.077, ""23"": 0.001, ""18"": 0.016, ""28"": 0.082, ""21"": 0.016, ""20"": 0.02, ""24"": 0.098, ""31"": 0.028, ""27"": 0.021, ""16"": 0.014, ""8"": 0.057, ""6"": 0.008}",c54e97b56eeed61393e695416527e8ea,2148,648
8,828-8.jpeg,"{""13"": 0.001, ""7"": 0.004, ""2"": 0.002, ""24"": 0.037, ""30"": 0.077, ""19"": 0.059, ""31"": 0.025, ""27"": 0.058, ""16"": 0.066, ""28"": 0.04, ""18"": 0.022, ""21"": 0.032, ""25"": 0.049, ""0"": 0.02, ""26"": 0.042, ""5"": 0.004, ""17"": 0.018, ""9"": 0.007, ""11"": 0.018, ""23"": 0.003, ""20"": 0.025, ""12"": 0.113, ""8"": 0.054, ""1"": 0.003, ""6"": 0.022, ""29"": 0.042, ""14"": 0.066, ""10"": 0.015, ""15"": 0.032, ""4"": 0.036, ""3"": 0.001, ""22"": 0.007}",bb6855080b93956ba644f76935ce4432,2342,648
3,829-3.jpeg,"{""26"": 0.011, ""24"": 0.031, ""4"": 0.008, ""16"": 0.002, ""12"": 0.042, ""14"": 0.023, ""17"": 0.018, ""5"": 0.033, ""15"": 0.179, ""13"": 0.349, ""27"": 0.108, ""25"": 0.196}",55af8a4ef0c7378a99b72f2b2e099428,1472,648
1,830-1.jpeg,"{""0"": 1.0}",09084ac601e88f65791e9f5cc952f00a,893,648
9,831-9.jpeg,"{""0"": 1.0}",cf7e54b06250d8d3d72e72eb9fab2198,2052,648
7,832-7.jpeg,"{""0"": 1.0}",0e4f6e9faa62da99399cdaa2aff62f07,1859,648
8,833-8.jpeg,"{""0"": 1.0}",2e09b213232457f1355fac635660260e,1955,648
2,835-2.jpeg,"{""0"": 1.0}",9e4cdcae68c2bfbd89b180e9fab4d1c0,1086,648
3,836-3.jpeg,"{""0"": 1.0}",64327d8b431aae2329aa6f8a637d70ed,1279,648
1,840-1.jpeg,"{""0"": 1.0}",2de6617f13436b7dac7b5446cd84f509,990,648
9,841-9.jpeg,"{""0"": 1.0}",af622deb4e82e361749d537cba25527e,2342,648
2,842-2.jpeg,"{""0"": 1.0}",7f95e523aa37143239e672d10e91c4d9,1086,648
7,844-7.jpeg,"{""0"": 1.0}",29dcf9add0e8a9292298006246f653af,1762,648
4,845-4.jpeg,"{""0"": 1.0}",d8133f0d1358368b9be20679df73ff64,1376,648
5,848-5.jpeg,"{""0"": 1.0}",d193363183b5274e14d798410ea7be30,1569,648
6,849-6.jpeg,"{""0"": 1.0}",ce6cbedbb2e6ca17832fc20e248ce766,1666,648
6,850-6.jpeg,"{""12"": 0.494, ""13"": 0.506}",c4dc469f6a314d5b530e7fb4fed6ce2a,1569,648
7,851-7.jpeg,"{""13"": 0.515, ""12"": 0.485}",3b9c44090565905db17b4966d5d877f6,1762,648
2,853-2.jpeg,"{""13"": 0.491, ""12"": 0.509}",f9c2b9ed112c7a5ff946664345c61d54,990,648
9,855-9.jpeg,"{""8"": 0.205, ""12"": 0.284, ""9"": 0.206, ""13"": 0.305}",50aceccbd9510935e8e0283a80e94548,2148,648
8,857-8.jpeg,"{""12"": 0.518, ""13"": 0.482}",95c5a8bc15e5a1c5b721e0a52787a741,1859,648
3,858-3.jpeg,"{""13"": 0.499, ""12"": 0.501}",48c92d297f2f2dcf24712d4c9f4c470c,1183,648
6,860-6.jpeg,"{""0"": 1.0}",e5b62d3a194f1bc9781c118dd6009219,1762,648
3,861-3.jpeg,"{""0"": 1.0}",36fb8c9647ed12c4d002895b252365bc,1183,648
1,862-1.jpeg,"{""0"": 1.0}",2855c3802640c7978fc7ba2eb3d1dbab,990,648
2,863-2.jpeg,"{""0"": 1.0}",d13e1fd0008877fc2a37dcb056bf41d2,1086,648
9,866-9.jpeg,"{""0"": 1.0}",a969c3d584ad661ad565e2f960e7ca51,2342,648
7,869-7.jpeg,"{""0"": 1.0}",4d325a170b3d5d12ebce3cc01ed56506,1859,648
7,870-7.jpeg,"{""0"": 0.169, ""1"": 0.831}",f73058d125eea86729885b723292eb6d,2052,648
5,871-5.jpeg,"{""0"": 0.174, ""1"": 0.826}",07d3d73f2df75c9feaa96f83d831211b,1666,648
2,872-2.jpeg,"{""0"": 0.162, ""1"": 0.838}",d4b62d32da0f56a10edf1923a4479c0f,1183,648
1,875-1.jpeg,"{""0"": 0.148, ""1"": 0.852}",9d199184961836b2e8d221299053383e,990,648
9,876-9.jpeg,"{""0"": 0.001, ""1"": 0.002, ""21"": 0.428, ""29"": 0.427, ""20"": 0.142}",7ace459dd04f2728dc7adf82b548d0b3,2535,648
4,877-4.jpeg,"{""0"": 0.173, ""1"": 0.827}",e0e8036fc9c767ef9a79c6a5df3e68ac,1569,648
6,878-6.jpeg,"{""0"": 0.154, ""1"": 0.846}",93ed06c03156cd34599d91109511fe04,1859,648
3,879-3.jpeg,"{""0"": 0.157, ""1"": 0.843}",deabcf70220d29d2f3a0facbf1b67f29,1376,648
9,880-9.jpeg,"{""16"": 0.006, ""0"": 0.006, ""2"": 0.508, ""18"": 0.48}",2e17a22f18981f16a9d23fee34643b60,2438,648
2,881-2.jpeg,"{""0"": 1.0}",3d11efd4b8bc951efdf7d1fa55a11cee,1086,648
6,882-6.jpeg,"{""16"": 0.009, ""18"": 0.485, ""0"": 0.006, ""2"": 0.5}",dbe52be88bc15a73e6e3c92fda8e6c12,1955,648
8,885-8.jpeg,"{""16"": 0.009, ""0"": 0.01, ""2"": 0.471, ""18"": 0.51}",dd1f80fc060e3df2fd6fd6c8591ce656,2245,648
5,887-5.jpeg,"{""16"": 0.008, ""0"": 0.007, ""2"": 0.505, ""18"": 0.48}",9dd80b3ca5a5056c02d5698808171963,1762,648
6,890-6.jpeg,"{""1"": 0.111, ""16"": 0.889}",7124b15de9539d9f0e83b6243047994c,2052,648
5,891-5.jpeg,"{""1"": 0.105, ""16"": 0.895}",7d1218d4447915eb8f79d4e15c20967a,1859,648
2,892-2.jpeg,"{""0"": 1.0}",d526926c538065974ae044ad1b9cfcb4,1183,648
8,893-8.jpeg,"{""9"": 0.029, ""8"": 0.001, ""25"": 0.01, ""16"": 0.596, ""1"": 0.062, ""24"": 0.302}",534fafc2850a2b92b9b361a6bbfe4e15,2631,648
9,894-9.jpeg,"{""25"": 0.006, ""9"": 0.022, ""1"": 0.077, ""16"": 0.578, ""24"": 0.317}",e2d975e591c639861abd3771e92950ce,2631,1324
3,895-3.jpeg,"{""17"": 0.111, ""0"": 0.889}",2207b6ca0fc87676c0c78f35fd767e92,1472,648
1,897-1.jpeg,"{""0"": 1.0}",d7cb260be7342d5cdd7381675691aa5a,990,648
8,900-8.jpeg,"{""18"": 0.002, ""16"": 0.053, ""10"": 0.007, ""17"": 0.003, ""19"": 0.112, ""11"": 0.522, ""9"": 0.013, ""8"": 0.288}",f44edf2099da8d06f30a71453d74cf12,2342,648
3,901-3.jpeg,"{""0"": 1.0}",d7ccb51f5e058025574f072db24d630e,1472,648
7,902-7.jpeg,"{""18"": 0.012, ""16"": 0.342, ""17"": 0.015, ""19"": 0.631}",a413d69213a33713473f804cf7207395,2245,648
2,903-2.jpeg,"{""0"": 1.0}",0940cf806622a6eca351cccbd48f5b23,1086,648
5,908-5.jpeg,"{""19"": 0.619, ""16"": 0.381}",563b96598a4b8a3a9a35aa995eb2c399,1859,648
8,910-8.jpeg,"{""3"": 0.226, ""2"": 0.774}",91aa3fb27c1b7f75b523f0235ed32fad,2245,648
3,912-3.jpeg,"{""1"": 0.247, ""0"": 0.753}",d34a8e3a25c2866a249c4a37aa80ac53,1569,648
4,913-4.jpeg,"{""1"": 0.223, ""0"": 0.777}",6b34e5cab150f5dbae336d7c566944b5,1666,648
6,914-6.jpeg,"{""9"": 0.226, ""8"": 0.774}",1011a5fb3dc211fb557cb15533a30685,1955,648
5,916-5.jpeg,"{""1"": 0.229, ""0"": 0.771}",366078a35f6e326518eac23a289ca256,1762,648
6,920-6.jpeg,"{""8"": 0.026, ""0"": 0.974}",651f515dd447a9c050db6c2473b0a01b,1762,648
8,921-8.jpeg,"{""0"": 0.233, ""8"": 0.767}",0761cc84252994e0418cfb65cd342a26,2148,648
7,922-7.jpeg,"{""8"": 0.036, ""0"": 0.964}",1934b0e95f61bf7bd3cc02ef37d68cf4,1859,648
1,924-1.jpeg,"{""8"": 0.022, ""0"": 0.978}",bb3f35c43efd64f6c1e0a130fdbb5bd9,990,648
5,925-5.jpeg,"{""8"": 0.036, ""0"": 0.964}",c972c7a1071b417182a990888fc8a820,1666,648
2,928-2.jpeg,"{""8"": 0.028, ""0"": 0.972}",77f9c166d177f24bce2bec00f318b1cd,1183,648
2,930-2.jpeg,"{""0"": 1.0}",80849e4e9f6482fbf645053163978212,1279,648
7,932-7.jpeg,"{""16"": 0.361, ""1"": 0.123, ""17"": 0.131, ""0"": 0.385}",bf527f2de133601347d3bac8c525291a,2535,648
4,933-4.jpeg,"{""0"": 0.503, ""16"": 0.497}",2dd0e38d879c353e6329d42bd4393e45,1666,648
1,934-1.jpeg,"{""0"": 1.0}",2bf51029e3c36e07e865265ebe18255c,1086,648
8,936-8.jpeg,"{""17"": 0.115, ""1"": 0.118, ""16"": 0.396, ""0"": 0.371}",11b1e40877cb09cc232f979321753bf1,2631,1324
6,937-6.jpeg,"{""0"": 0.49, ""16"": 0.51}",be064a0f5dc612b161cff3633fbcc3ce,2342,648
5,940-5.jpeg,"{""18"": 0.009, ""3"": 0.256, ""16"": 0.293, ""2"": 0.009, ""0"": 0.208, ""19"": 0.225}",1a3508e6da66c0e939d9253e31e25445,1569,648
2,941-2.jpeg,"{""2"": 0.019, ""0"": 0.018, ""18"": 0.471, ""16"": 0.492}",fc3c03e9e374090553a8694978d84941,1086,648
6,942-6.jpeg,"{""3"": 0.093, ""1"": 0.129, ""17"": 0.125, ""19"": 0.139, ""16"": 0.119, ""18"": 0.196, ""2"": 0.096, ""0"": 0.103}",ce1f975d4448980038ed2f2437a632b0,1762,648
7,943-7.jpeg,"{""1"": 0.116, ""16"": 0.11, ""3"": 0.124, ""0"": 0.093, ""2"": 0.091, ""19"": 0.128, ""17"": 0.124, ""18"": 0.214}",f4fcd82c0baf7623c1afd3c69f7f1a17,1859,648
9,946-9.jpeg,"{""19"": 0.121, ""17"": 0.113, ""1"": 0.118, ""2"": 0.098, ""0"": 0.14, ""3"": 0.122, ""18"": 0.174, ""16"": 0.114}",5602bc0972b72002d99994df924e9ecd,2342,648
4,948-4.jpeg,"{""2"": 0.021, ""0"": 0.019, ""19"": 0.462, ""16"": 0.498}",40fb6ca574e6e3caa19ca4a95d6a3fd8,1472,648
2,950-2.jpeg,"{""5"": 0.488, ""1"": 0.512}",a11c3a4d6d155f3de4a79246f5e656c3,1086,648
5,951-5.jpeg,"{""19"": 0.001, ""15"": 0.005, ""13"": 0.011, ""16"": 0.004, ""27"": 0.016, ""11"": 0.011, ""25"": 0.02, ""14"": 0.011, ""8"": 0.006, ""6"": 0.122, ""7"": 0.116, ""3"": 0.088, ""18"": 0.001, ""1"": 0.095, ""2"": 0.108, ""0"": 0.076, ""12"": 0.013, ""17"": 0.004, ""26"": 0.016, ""5"": 0.129, ""9"": 0.013, ""10"": 0.01, ""4"": 0.109, ""24"": 0.015}",2fa417cd97f03fc7e5c9b4b6a426ca8f,1762,648
1,952-1.jpeg,"{""4"": 0.456, ""0"": 0.544}",e88985fe218c8a8bdfe24f15434d438a,990,648
6,953-6.jpeg,"{""20"": 0.002, ""16"": 0.001, ""4"": 0.258, ""25"": 0.03, ""0"": 0.149, ""8"": 0.027, ""5"": 0.281, ""9"": 0.003, ""12"": 0.013, ""29"": 0.013, ""1"": 0.137, ""28"": 0.041, ""21"": 0.004, ""13"": 0.039, ""24"": 0.002}",466bd9b94df10bae80fe2cdd832a94f3,2052,648
8,956-8.jpeg,"{""19"": 0.001, ""4"": 0.28, ""28"": 0.046, ""1"": 0.122, ""16"": 0.001, ""27"": 0.017, ""25"": 0.023, ""3"": 0.283, ""11"": 0.031, ""0"": 0.1, ""17"": 0.001, ""9"": 0.032, ""8"": 0.053, ""12"": 0.007, ""24"": 0.003}",cd366714c1b91c05068d753d891871e4,2438,648
3,958-3.jpeg,"{""25"": 0.091, ""29"": 0.082, ""1"": 0.398, ""5"": 0.429}",03e35c57dac20060c6a391c755309862,1279,648
7,960-7.jpeg,"{""19"": 0.007, ""0"": 0.024, ""25"": 0.029, ""2"": 0.027, ""11"": 0.057, ""10"": 0.045, ""30"": 0.033, ""12"": 0.136, ""8"": 0.037, ""29"": 0.051, ""3"": 0.02, ""14"": 0.129, ""26"": 0.026, ""9"": 0.053, ""17"": 0.007, ""15"": 0.067, ""1"": 0.029, ""18"": 0.005, ""28"": 0.027, ""13"": 0.058, ""24"": 0.025, ""31"": 0.061, ""27"": 0.035, ""16"": 0.012}",cbe76ef4819c4594099c2cd3af40e7b8,2052,648
5,961-5.jpeg,"{""27"": 0.017, ""23"": 0.053, ""31"": 0.052, ""19"": 0.014, ""15"": 0.121, ""11"": 0.032, ""3"": 0.152, ""7"": 0.559}",69e3fb65b4e1933b9bb687d2f963910d,1666,648
8,963-8.jpeg,"{""19"": 0.011, ""16"": 0.007, ""27"": 0.026, ""2"": 0.028, ""30"": 0.03, ""10"": 0.039, ""0"": 0.03, ""24"": 0.02, ""31"": 0.06, ""29"": 0.076, ""11"": 0.071, ""3"": 0.02, ""12"": 0.13, ""8"": 0.037, ""28"": 0.027, ""1"": 0.026, ""18"": 0.006, ""14"": 0.123, ""13"": 0.061, ""9"": 0.059, ""17"": 0.009, ""26"": 0.018, ""15"": 0.065, ""25"": 0.021}",51065a81adff63e2a40228877d7df59b,2148,648
3,964-3.jpeg,"{""19"": 0.017, ""23"": 0.093, ""15"": 0.254, ""3"": 0.098, ""7"": 0.469, ""11"": 0.069}",49f7437362a382e26f41e4e1f33cf23e,1279,648
4,967-4.jpeg,"{""27"": 0.013, ""19"": 0.017, ""23"": 0.055, ""31"": 0.051, ""15"": 0.139, ""11"": 0.028, ""7"": 0.57, ""3"": 0.127}",0efe8eb83c89902d808d8a25c6562bc3,1376,648
1,969-1.jpeg,"{""0"": 0.19, ""2"": 0.81}",67d03e9a7db944c1a9e4f80c74d62470,893,648
2,970-2.jpeg,"{""0"": 0.328, ""4"": 0.672}",807861c5b0fbd2daa60adbf2de410975,1376,648
1,971-1.jpeg,"{""0"": 0.309, ""4"": 0.691}",cf3a1262e32bc7dfc10ad314d6120c35,1086,648
5,972-5.jpeg,"{""8"": 0.325, ""12"": 0.675}",4add7b4ce396740cd515f3318eed3227,1666,648
8,973-8.jpeg,"{""8"": 0.294, ""12"": 0.706}",23e1f1bfb5824042fe2d48c570571ad0,2245,648
9,974-9.jpeg,"{""13"": 0.356, ""8"": 0.154, ""12"": 0.345, ""9"": 0.145}",27d130aaa75e8379043f23caf94fd0fb,2342,648
6,976-6.jpeg,"{""12"": 0.686, ""8"": 0.314}",4377c59d3413d68d53e63887d9d5e677,1859,648
7,977-7.jpeg,"{""12"": 0.696, ""8"": 0.304}",32c6d7bae16e42d7adc3a934cb1fcc62,2052,648
3,980-3.jpeg,"{""3"": 0.015, ""19"": 0.013, ""17"": 0.074, ""16"": 0.302, ""1"": 0.047, ""18"": 0.081, ""2"": 0.099, ""0"": 0.369}",c6208952aa91f5c06fb8057c506f6153,1666,648
1,981-1.jpeg,"{""18"": 0.022, ""0"": 0.101, ""19"": 0.18, ""1"": 0.697}",c88c0e7d7f875cdcd0decbdbb33721e0,1086,648
9,982-9.jpeg,"{""24"": 0.003, ""22"": 0.003, ""13"": 0.008, ""15"": 0.009, ""7"": 0.1, ""20"": 0.077, ""29"": 0.019, ""25"": 0.001, ""10"": 0.003, ""8"": 0.001, ""6"": 0.254, ""9"": 0.002, ""5"": 0.103, ""14"": 0.007, ""4"": 0.282, ""30"": 0.086, ""12"": 0.01, ""21"": 0.021, ""28"": 0.008, ""23"": 0.003}",63a41f8f83b506356b10002e1f9fa13b,2631,1324
8,983-8.jpeg,"{""14"": 0.003, ""2"": 0.332, ""0"": 0.334, ""19"": 0.051, ""26"": 0.004, ""17"": 0.016, ""24"": 0.017, ""16"": 0.064, ""1"": 0.058, ""28"": 0.007, ""18"": 0.064, ""3"": 0.013, ""8"": 0.011, ""12"": 0.004, ""10"": 0.022}",f087e3d2ffb8003af6bb52af33a31d8a,2631,1324
2,984-2.jpeg,"{""18"": 0.011, ""16"": 0.042, ""0"": 0.049, ""2"": 0.012, ""3"": 0.09, ""1"": 0.36, ""19"": 0.09, ""17"": 0.346}",ccf53550d0f2f6ff69039c0c117db8b0,1376,648
7,986-7.jpeg,"{""26"": 0.004, ""18"": 0.053, ""8"": 0.026, ""1"": 0.049, ""24"": 0.035, ""17"": 0.014, ""19"": 0.04, ""10"": 0.018, ""3"": 0.007, ""2"": 0.336, ""0"": 0.334, ""16"": 0.084}",f1ee95dfdb7d2d773676e8209c76c669,2631,648
4,989-4.jpeg,"{""18"": 0.046, ""3"": 0.01, ""25"": 0.005, ""24"": 0.018, ""19"": 0.014, ""17"": 0.079, ""16"": 0.055, ""2"": 0.055, ""0"": 0.38, ""8"": 0.031, ""9"": 0.009, ""1"": 0.298}",661d442323c0e27d9541f43446981ae9,2148,648
7,990-7.jpeg,"{""0"": 0.382, ""4"": 0.129, ""12"": 0.131, ""8"": 0.358}",62217c000fbdba4f28e9fe2761604e85,2052,648
4,991-4.jpeg,"{""4"": 0.146, ""0"": 0.362, ""8"": 0.361, ""12"": 0.131}",6a89948a912eb420fc6cc0ceccc838cb,1666,648
3,992-3.jpeg,"{""4"": 0.144, ""0"": 0.364, ""12"": 0.133, ""8"": 0.359}",db4132abd4143c67216441095a6858a8,1569,648
6,995-6.jpeg,"{""12"": 0.142, ""8"": 0.375, ""0"": 0.369, ""4"": 0.114}",d3a160b9014789d08d41fe860c6bb170,1955,648
2,997-2.jpeg,"{""8"": 0.479, ""0"": 0.521}",e454835ce548b4835f507d8766756b70,1279,648
5,998-5.jpeg,"{""4"": 0.121, ""0"": 0.339, ""8"": 0.383, ""12"": 0.157}",48f491096609756e57a1fe357c8159b3,1859,648
1,999-1.jpeg,"{""8"": 0.468, ""0"": 0.532}",c21117805a3e133f156a1c760473957c,1086,648
